,CT,ME,MA,MO,NE,NH,NJ,NY,PA,RI,VT
202111,17545.786,2508.68448,8079.994650000001,7515.42,2205.5519999999997,1688.624,20136.594,37561.63448,72123.48233,4935.978,22.02
202110,13067.608,2798.95045,9912.701,7499.057000000001,2092.708,4155.23,23085.203999999998,39137.903,69671.41115999999,6138.76,1.927
202109,14991.609,1945.802,9526.805,8559.135,2008.81,3950.528,20880.740999999998,38823.39873,79116.838,5559.247,1.506
202108,18409.0,2806.58,15491.809,13081.465,3276.133,4517.670999999999,28530.587,59502.789549999994,88140.14,6818.969,11.622
202107,16871.217999999997,2184.557,13319.71865,11855.249,3209.391,4112.561000000001,26944.897,54099.44508,88277.15378000001,6454.43,19.175
202106,16535.068,2082.795,13807.437,11316.677,2863.747,3643.541,22748.936,49057.714230000005,79793.63454,5530.278,7.667
202105,12475.954,1890.694,7025.086,5849.648999999999,1388.62,2291.339,15555.443,34093.9139,68526.60493,3747.678,1.865
202104,11228.805999999999,1595.477,6381.108,5349.733,1380.29,1596.971,14709.885,25783.237940000003,58703.68359,2410.763,5.096
202103,14223.026,1467.60341,8596.491,5063.415,625.314,839.8280000000001,13681.055,30820.82169,68074.96706,4466.372,14.766
202102,12923.041,2273.167,12660.479,8182.271000000001,2119.647,2430.003,15100.269,33154.52915,70034.79800000001,3846.647,5.008
202101,13847.632,1861.337,14170.754,8517.087,1724.959,2129.1409999999996,13499.137999999999,38105.53896,77046.66734,4471.251,11.548
202012,14524.108,1893.62444,10864.48065,8480.375,1664.843,871.533,13518.843,36130.82631,75158.69727,4035.937,5.11
202011,12979.956,623.39234,7841.243649999999,6509.5689999999995,1343.426,1687.64,18094.402,33924.98133,54690.17385000001,5895.635,12.137
202010,12007.348,1191.3349999999998,11344.10365,8181.197,2068.645,2489.1259999999997,20202.318000000003,32945.99022,70900.17259,4653.411,2.457
202009,14170.744,1413.098,9520.44465,8544.114000000001,1658.108,3095.696,18401.899,41975.65576,81332.8323,6377.812,8.71
202008,16776.753,2303.31772,16054.224,11176.536,2266.442,3205.544,28903.476000000002,56197.30645,95738.72314,6691.089,16.084
202007,19017.163,3651.96984,20163.672,13009.519,3175.391,4550.278,33194.562,64724.11125,100988.41992999999,6913.62,12.872
202006,15753.046,2733.5339999999997,10057.561,9185.786,2384.5029999999997,2920.184,21911.778,42244.7659,75868.34733,6520.064,15.629000000000001
202005,11323.446,1604.9089999999999,4062.121,5710.796,1408.529,1187.575,13197.192000000001,25697.34332,55286.595310000004,4376.234,9.921
202004,12749.329,1278.5759999999998,5384.245,5975.353999999999,1244.853,1773.465,15240.928,23027.04576,51134.22598,4510.346,0.9259999999999999
202003,12540.311,851.4902500000001,4966.8769999999995,7575.843,1524.762,1337.861,16939.525,30315.240110000002,65451.74173,4224.926,5.534
202002,13678.632,1115.86753,10338.637,8215.337,1864.212,1523.628,16794.865,31034.21366,67491.69373000001,3884.4680000000003,14.477
202001,14664.949,1480.18868,12152.263649999999,9696.684,2531.915,2061.8720000000003,19303.609,33600.513399999996,73765.12348000001,3474.493,8.279
201912,15781.91,1389.25001,12154.43965,7280.831,2093.9539999999997,2019.07,24192.135,33350.80233,64304.96029,3027.519,10.99
201911,12952.178,1148.282,8625.33265,5475.704,1470.4279999999999,1724.445,24299.557999999997,30066.19166,54231.285390000005,4418.829,4.679
201910,10456.545,1960.22794,9064.21165,7935.3279999999995,1321.952,3484.982,25304.247,27902.37889,63149.78665,5931.6140000000005,5.609
201909,12691.435,1629.396,8879.78665,10230.115,2303.4970000000003,2317.8329999999996,26005.107,33933.34005,65797.60065000001,4795.179999999999,0.488
201908,16190.263,1730.1720799999998,14531.512,11529.294,3474.4210000000003,3912.275,32739.965,48471.975660000004,76431.41579999999,7442.815,8.737
201907,18424.968,2754.8669999999997,19839.312,11509.418,3228.1800000000003,4322.21,35327.165,57605.44793,79651.4091,7105.635,8.144
201906,12662.893,1286.336,9042.202,9607.462,2571.318,2559.078,26024.821,33165.315239999996,60743.96873,4436.035,3.462
201905,11459.354000000001,1079.868,7077.752,9693.911,2459.0660000000003,312.553,21122.524,24326.78732,50918.39939,4304.867,0.552
201904,11875.026,611.187,8185.84565,6868.65,1720.4920000000002,1927.7730000000001,23608.569,25201.69744,38180.0694,4087.774,13.175
201903,11116.102,1518.3490000000002,10594.511,8730.712,1848.495,1617.8999999999999,20733.353,29088.62517,54291.87603000001,3780.767,11.948
201902,11102.099,1672.57603,10840.10165,7268.518,1912.866,673.095,21660.474,30054.12642,53547.13871,2362.924,11.917
201901,12401.492,1991.13535,12546.973999999998,8183.905999999999,1663.492,1357.266,22267.994000000002,33808.99116,57769.58746,2921.159,19.252000000000002
201812,13931.833,1029.396,9992.006,6821.494000000001,1691.375,583.8779999999999,22177.058,32042.07144,48068.74774,3872.649,12.377
201811,13418.203,1420.8709999999999,9093.33065,8292.622,2063.404,1454.1870000000001,20422.585000000003,31771.51078,44351.497950000004,4325.4220000000005,6.761
201810,13307.151,2957.689,11749.024000000001,8842.04,2440.059,3243.5629999999996,24355.985,37044.0031,51328.523270000005,6771.983,8.403
201809,13670.481000000002,1968.279,14076.233,8221.54387,1698.4060000000002,2302.1710000000003,30162.591,43954.81684,57125.88282,7267.83,3.455
201808,16386.587,3555.62749,21733.837,10425.09839,2471.842,4223.840999999999,35535.281,59516.75037,65100.71467,8131.444,2.83
201807,15453.883,2941.496,19670.701999999997,11446.584579999999,3067.848,4256.531,35961.273,56402.4596,61717.65879,7141.004000000001,15.881
201806,12608.179999999998,1964.0629999999999,10489.864,10343.34173,2433.2709999999997,3083.679,24072.642,37883.84286,50585.2509,5354.630999999999,3.806
201805,9565.069,1778.47,8490.517,9900.85409,2419.909,894.156,21947.389,32464.66545,40320.86623,4413.647,1.163
201804,9809.227,1280.823,8775.21165,5150.18337,1385.7710000000002,704.2180000000001,22296.557,28380.25258,40700.156449999995,3838.619,8.908999999999999
201803,11558.267,1645.7721800000002,13352.05565,7633.78537,1704.0710000000001,308.96000000000004,23526.185,28622.585020000002,45630.51563,3329.252,12.174999999999999
201802,9889.426,738.6687999999999,12073.282000000001,7521.98495,1486.633,312.93800000000005,19616.12,26012.50505,41279.610969999994,3100.805,7.151
201801,10579.076000000001,1163.2123,13229.850999999999,9381.8138,1635.383,1303.002,15802.975,32553.01226,43107.30683,2877.2299999999996,23.119
201712,11791.58,758.16216,13058.952000000001,8478.30732,1557.7800000000002,1645.505,21685.165,32985.55422,46911.29476,3771.4809999999998,33.575
201711,11551.641,867.39,11132.737650000001,5923.5675,1370.6930000000002,1890.561,17677.133,27115.99373,43096.134249999996,4867.6849999999995,5.677
201710,10612.286,1682.761,15147.20865,6223.705819999999,1345.14,1715.1109999999999,23160.947,30599.79856,56340.63728,6063.827,2.4850000000000003
201709,9308.725,1239.886,16336.503649999999,7973.46752,1678.788,3370.2470000000003,25533.986,38152.422080000004,55953.303199999995,5747.703,11.614999999999998
201708,11844.671,2232.585,20095.967,8637.49954,2405.0429999999997,3511.259,28782.365999999998,45323.729439999996,59372.924569999996,5661.18,3.145
201707,12197.291,2390.03372,19762.237,11461.88961,3038.441,2974.379,32679.16,49004.63912,62627.17557,6052.366,1.837
201706,8973.155999999999,2087.721,16875.954999999998,8927.634399999999,1760.337,2566.181,27927.895,39141.04321,48596.54597,4113.734,4.779
201705,7395.835,1919.552,14125.027,6939.21796,1123.271,1831.185,21953.065,28444.45998,37553.271029999996,3652.846,6.366
201704,8130.43,1939.4379999999999,15518.139000000001,5370.86348,1073.4360000000001,3626.316,19761.350000000002,25767.12454,35351.61147,5807.994,1.366
201703,8994.783,1712.1167500000001,12743.84,6903.680609999999,1325.136,1536.6390000000001,26400.045000000002,32553.78397,42928.349200000004,2953.814,15.586
201702,9448.55,1940.09908,11100.23065,5971.776,1273.713,973.385,17944.259000000002,27559.52159,41898.08212,2439.546,11.511
201701,11721.577,1955.3757500000002,12821.480650000001,7112.90135,1585.3,1183.821,21297.996,32083.81146,45297.07763,2797.963,10.355
201612,10509.317,1161.463,11582.94792,7029.82673,1521.3639999999998,2328.874,21561.944,35185.35924,43251.68261,2914.8089999999997,8.791
201611,10769.68,1570.713,8746.651,4860.70763,1788.8290000000002,3147.401,19857.054,29490.884479999997,42962.72776,3031.118,10.05
201610,10601.565,2623.105,10112.466,5763.00152,1670.701,2409.063,28188.741,33524.6015,42781.08655,3093.582,8.374
201609,11024.394,2552.059,15318.032000000001,8051.791510000001,1456.558,3994.896,30565.397999999997,46745.73101,51314.86085,4623.385,10.217
201608,13564.751,4493.443,22883.417,10748.98525,2370.751,4713.289,42028.601,66866.46845,62250.19916,5878.715,12.909
201607,12736.188,4184.81,22953.632999999998,11328.08019,2352.039,4293.889,41723.965000000004,61476.69198,61846.39047,6115.8460000000005,10.831000000000001
201606,10119.154,2479.8019999999997,18332.286,11007.32101,2506.5119999999997,2922.277,32047.498,45194.379799999995,50716.02306,4876.101,7.1979999999999995
201605,11314.007000000001,2402.324,16199.59,6938.2317299999995,1166.905,3073.58,25318.053,40360.89341,38884.30512999999,5127.408,8.699
201604,12372.094,1893.1,12416.628,7900.864,1106.366,3701.389,25159.724000000002,34724.27533,36155.0015,3020.1859999999997,6.077
201603,9788.544,1105.9806899999999,11350.846000000001,5313.83027,1041.639,770.086,25039.988,33272.2982,39812.86652,4618.75,5.758
201602,10652.585,2642.38318,10687.403999999999,5981.4933,1186.474,1200.043,21021.446,31571.41332,37657.59908,2619.31,7.029999999999999
201601,11558.284,3271.40607,10228.596000000001,6334.39962,1496.1090000000002,2281.275,23612.445,35694.21011,41162.02216,2535.221,6.489
201512,12304.334,2331.82329,10121.22119,5874.5072199999995,1383.7640000000001,2754.567,22762.695,31952.717220000002,39340.55218,3172.076,1.3159999999999998
201511,10810.667,2713.69243,9518.453880000001,5175.04967,1197.899,3863.822,24462.648,33763.84063,39786.41788,4387.219,2.193
201510,11300.271,3637.7996,15162.73688,4853.41311,1329.4099999999999,3436.024,24377.743,41202.55814,41147.48848,3982.068,0.193
201509,11788.656,2425.2371399999997,18052.59315,7107.1447100000005,1751.876,3991.9120000000003,30298.738,50895.00233,43670.82109,3647.045,2.8339999999999996
201508,13564.418,2665.1045799999997,25016.34284,9675.30626,2334.633,4702.536,30189.510000000002,56194.12176,51708.328420000005,7172.291,0.343
201507,12768.396,1780.77154,24483.98715,10587.00622,2751.7569999999996,4289.424,31695.766000000003,55986.04603,51892.918509999996,7019.236,1.221
201506,10334.545,1106.56142,16115.458190000001,7942.32869,2010.423,3673.9030000000002,24966.734,41272.36425,41515.436570000005,6245.669,1.7530000000000001
201505,9644.702,1372.04949,16203.10923,4287.06278,1410.721,3924.393,25297.555,40371.77054,35023.44606,5847.587,10.113
201504,9868.083,2631.6929999999998,11713.98458,4939.401749999999,1380.8410000000001,3363.788,18731.988,29758.061100000003,34776.98276,2588.572,0.808
201503,9447.579,3680.9219,8857.803539999999,5736.98844,1346.432,3534.6,23303.702,41567.13622,39142.08867,3270.801,3.145
201502,9032.153999999999,3494.35418,8280.18384,6563.06881,1211.7490000000003,2700.879,18235.349000000002,32950.79837,31776.19523,1873.0069999999998,17.485
201501,11985.643,3628.4370999999996,7959.42515,6712.535690000001,1426.0359999999998,3843.6220000000003,19583.531,37363.32073,38148.063760000005,2247.843,10.418
201412,11130.06,2985.2580000000003,7702.07275,6283.06253,1553.896,3141.023,21919.559999999998,37127.86937,38827.60653999999,2975.273,4.888
201411,9569.429,3690.953,8961.68677,5893.02056,1515.807,2083.8,21715.165,34176.907849999996,31504.86116,2690.379,3.382
201410,7846.844999999999,2548.48431,15104.66193,7308.600709999999,1661.041,3564.892,22337.494000000002,36814.134640000004,43212.97952,4261.049,3.2720000000000002
201409,9107.8,2756.008,14597.79113,6078.07771,1525.701,3408.715,24446.943000000003,44236.79757,42012.29567,5467.927,2.8400000000000003
201408,11851.348,3622.924,18017.17795,8934.15495,2184.224,3347.857,26132.295,48375.144100000005,44952.04251,5743.176,3.182
201407,12621.095,5839.345,20202.53441,8135.541109999999,1996.752,4073.4990000000003,29905.227,52677.28242,46108.15689,6013.096,3.378
201406,10031.724,4771.8640000000005,14425.8627,6489.47241,1710.1169999999997,2894.6420000000003,23868.514,44813.172860000006,40794.27705,4998.347,3.119
201405,8958.167,2665.33,12342.4956,6444.120430000001,1940.9950000000001,3027.6569999999997,19954.753,33022.29629,33764.96827,3747.306,2.025
201404,9726.159,3038.848,12253.4924,4411.91087,1486.259,3430.4429999999998,15818.342999999999,30490.51558,26061.2751,3599.72,1.254
201403,8255.676,2832.915,7282.062390000001,5547.41667,1527.2720000000002,2213.379,19514.092999999997,38546.55283,33434.25144,2030.287,8.763
201402,7784.37,2584.279,8983.86884,6113.52363,1460.725,627.523,18114.998,36794.64277,29885.74598,1931.637,6.5920000000000005
201401,7561.134,4256.233,9764.84632,7779.699799999999,1558.713,1048.948,17213.476,37372.65784,33999.65548,2668.916,18.98
201312,9363.243,5095.424999999999,8049.56367,7190.2801,1789.0430000000001,2653.973,18207.392,38888.38737,35284.248,2302.555,11.863
201311,9525.112000000001,3821.873,10578.326570000001,5227.76718,1672.8239999999998,2470.655,16062.151,33335.387610000005,32567.964050000002,2971.2670000000003,4.636
201310,9174.604749999999,3577.57,14725.60755,5430.54782,1577.808,2137.0060000000003,16835.605,30234.78163,32643.83872,4543.092,3.939
201309,10339.46734,3440.908,15343.102589999999,7243.44841,1949.802,3236.72,19514.049,36025.03605,34897.48448,5332.592,3.896
201308,11056.90667,3653.387,20804.88151,7965.35351,2846.33,3728.765,23096.885,46269.568329999995,41015.97267,5419.874,3.836
201307,12869.55178,4353.039,24595.1372,8967.69425,2683.84,4321.638,30540.666,65611.5524,44280.5106,6107.81,5.968999999999999
201306,9572.017220000002,3759.353,14841.32416,7454.016970000001,1776.164,3025.096,20789.137000000002,43788.58619,33756.64305,4613.468,4.743
201305,10627.63088,3359.486,16532.8798,6965.70066,1366.12,1316.06,18198.319,37480.848029999994,32563.92421,5386.963,4.21
201304,9406.53939,3319.081,14780.49716,5585.5835,1197.5140000000001,136.57,17561.861999999997,32113.505419999998,30239.2839,4112.156,1.944
201303,10119.351579999999,3999.8509999999997,9988.2843,7656.01079,1502.713,2432.608,17705.657,36773.345049999996,32882.12227,2466.997,4.245
201302,9636.12848,3286.0510000000004,7586.74063,6113.05148,1374.492,2507.535,14632.487,37615.35882,34206.528,1695.39,9.115
201301,10231.04227,4783.3460000000005,11399.20433,7218.77933,1532.166,3112.591,14552.562,36605.08558,36732.18544,3033.085,11.943999999999999
201212,10295.075780000001,3548.2509999999997,9251.692000000001,5851.25854,1524.461,3628.101,12482.533,36010.79,35614.142139999996,3634.29,5.187
201211,12064.592200000001,3501.9,12765.961000000001,5081.22286,1530.5269999999998,2345.51,12328.465,40744.515999999996,33388.26554,3491.388,6.04
201210,11578.519049999999,4180.008,16291.693000000001,4871.98081,1688.6760000000002,4288.115,17922.25,39970.18,31966.44863,5616.085999999999,2.746
201209,11387.089,4670.655,19275.858,7105.12267,1570.165,4556.36,23050.875,42893.846,36746.19894,5623.438,2.567
201208,13585.91818,6383.206,24468.371,11216.379149999999,2774.969,5153.420999999999,27036.699,59052.562,43278.33948,7162.303,4.855
201207,13731.314190000001,5777.332,24656.162,15792.301499999998,4930.519,5597.491,31202.237,67876.314,48553.68622,6391.487,6.899
201206,10250.41366,3899.8520000000003,17559.719999999998,11451.58344,2667.989,4522.817,23904.561999999998,50441.869,38648.10969,5656.243,7.219
201205,7914.532270000001,2418.506,15495.936,8506.51951,1727.9060000000002,4602.081999999999,23262.554,43025.988,34616.54299,5691.039,4.368
201204,7871.871230000001,2514.805,12820.389000000001,6206.35226,1319.6540000000002,3110.054,18044.494,35375.626,35945.266339999995,4035.115,4.203
201203,8778.240160000001,4366.9529999999995,13968.158,6270.78246,1304.491,3523.05,17315.034,32902.382,34982.11497,4186.8679999999995,3.902
201202,8442.49735,5275.888999999999,12833.56,6158.55733,1373.989,4807.296,15255.059000000001,33235.923,39444.12056,5538.678,4.1499999999999995
201201,8883.448769999999,5495.63,12938.907,5997.91921,1507.7830000000001,5422.268,15485.169,34827.862,35894.42113,4826.6939999999995,7.0280000000000005
201112,9880.47278,5610.414,12324.732,5732.05422,1575.343,4558.789,16555.78769,34864.342000000004,32994.2192,5372.469999999999,4.51
201111,10273.84008,4514.627,14617.966999999999,4746.11297,1538.781,4476.721,17395.90703,31888.446,28937.7989,6093.727,5.441
201110,10411.724779999999,4460.178,18276.353,5522.95732,1483.632,2877.0699999999997,17262.791729999997,36317.813,27253.24638,5581.093,7.173
201109,11788.05173,4748.45,17878.941000000003,5671.36081,1806.182,3716.634,17445.408730000003,39484.497,32050.5752,6578.219,10.112
201108,12114.043520000001,5575.079,22431.322,11519.400119999998,2713.6630000000005,4287.946,20803.79873,50410.225000000006,36446.75106,6146.763,8.187999999999999
201107,11900.744410000001,6107.084,23443.143,13322.0372,3313.249,5048.71,25893.404069999997,59610.104999999996,42156.79643,6526.418000000001,13.271
201106,9169.477499999999,4612.398999999999,16735.477,9090.20035,1680.9759999999999,2875.2940000000003,19351.56607,41200.738,32573.875949999998,5485.817,7.026000000000001
201105,9037.17425,4841.367,14598.826,5434.45965,1410.4679999999998,3929.13,16671.55473,33613.663,30780.738139999998,5269.183,7.8580000000000005
201104,7560.6867600000005,4543.516,17728.696,4568.11784,1550.342,4101.971,16789.82307,30921.489,25696.76115,3898.3,1.911
201103,7327.60593,3121.547,13664.338,6234.28071,1522.302,4051.8289999999997,13779.18738,34348.717,30133.46693,5701.746999999999,7.442
201102,8511.82293,3367.733,12924.008000000002,5709.3207999999995,1391.3400000000001,4738.951,14291.05338,28680.182,24641.70732,3996.101,9.02
201101,8632.39905,4889.679,14721.65,7671.23892,1697.24,3623.4480000000003,15493.28169,31431.64,23951.18134,5480.281,13.248999999999999
201012,7300.159000000001,5720.639,15369.796999999999,7368.851,1685.858,4465.158,17944.655000000002,32509.351,28344.362999999998,5062.295999999999,6.2410000000000005
201011,9464.793,5065.071999999999,14715.311,4918.651,1277.3189999999997,5696.485,15227.503999999999,34150.153,27608.22,3607.337,4.883000000000001
201010,7597.022999999999,5581.418000000001,14811.865,5322.287,1265.931,2996.388,15368.582999999999,33012.153,24518.537,5227.804,6.558
201009,8992.949,6390.45,18657.318,5863.625,1340.342,4684.413,19068.004,45342.754,29210.773999999998,5435.0070000000005,6.896000000000001
201008,9764.248000000001,7150.664000000001,22809.715,12675.055,2945.779,4805.69,23531.63,53644.613000000005,34773.878,6819.314,4.534
201007,11550.987000000001,7301.52,25898.324,12101.671,2409.548,4741.884999999999,28566.628999999997,59667.739,40444.924999999996,6141.114,7.6899999999999995
201006,8602.984999999999,6103.906,19121.564,9596.747,1798.1999999999998,3423.124,21421.449,43009.174999999996,29922.349000000002,5829.028,5.732
201005,6960.364,4995.086,17928.805,5597.5740000000005,1387.242,2005.5800000000002,16615.086,33034.848,20223.508,4327.942,5.308
201004,4584.322,3466.1870000000004,13661.071,3668.359,1038.049,794.936,14120.593,29228.774,20535.945,4262.637000000001,3.1310000000000002
201003,4823.084,3686.663,12518.556999999999,4680.143,1396.059,1679.194,11975.407,27621.241,20102.421,3966.5460000000003,6.487
201002,5901.583,4375.347,12062.481,6211.2029999999995,1334.981,2260.346,13818.1,27205.655000000002,15831.515,3932.6600000000003,5.058
201001,7530.954,5409.165,14251.675,7696.2080000000005,1587.056,3209.554,15844.417000000001,29446.586,16911.342,4898.7210000000005,4.814
200912,7078.985000000001,5757.786,14823.488000000001,6270.853,1872.9360000000001,5091.161999999999,13875.788,29233.209000000003,18108.504999999997,5466.509,4.425
200911,5919.6939999999995,5371.0019999999995,14189.162,4185.077,1413.534,3363.548,13576.157,28794.832000000002,21869.105000000003,5121.167,6.812
200910,7467.160000000001,5937.703,16439.181,4645.513,1495.9850000000001,2793.545,15698.951000000001,27963.172000000002,20258.889000000003,3872.427,5.885
200909,6576.419000000001,4728.715,15705.879,5126.1050000000005,1287.754,2451.6369999999997,17154.900999999998,31842.621,25521.539,5221.042,3.677
200908,9392.414,5536.269,21069.884,8634.577,2019.656,3342.285,21481.111999999997,49515.531,32920.409,6766.763,6.7170000000000005
200907,8323.832,5271.58,15730.208999999999,8115.5779999999995,1992.383,3101.886,18038.936999999998,40045.426,28343.685,5833.059,7.269
200906,5186.188,5004.21,11561.293,8300.260999999999,1578.754,2086.398,14772.555999999999,32421.577,23194.28,4734.746999999999,6.568
200905,5259.514999999999,3513.906,9829.964,4018.872,1278.9260000000002,3451.288,14086.587,29985.472999999998,21112.255,3834.077,6.595
200904,5024.706,3711.5679999999998,12067.775,4274.661,1077.104,3062.341,11951.115,30634.441,22409.601,3432.366,3.334
200903,6642.1050000000005,4804.534,12566.446,5493.418000000001,1257.2179999999998,1880.894,10532.488000000001,32108.851000000002,23026.378,4847.956,6.916
200902,5881.892,4416.6900000000005,10936.778999999999,6454.345,1048.3919999999998,4285.107,11647.101999999999,27780.166,18097.868,4323.879,6.199
200901,5677.875,5090.12,13003.774,7607.059,1331.8819999999998,5128.379999999999,13813.955,29784.735999999997,16648.068,4569.845,6.8580000000000005
200812,4882.606,5679.094999999999,13648.601,7668.843999999999,1854.3609999999999,3876.047,10118.939,29752.206,16115.671999999999,4099.528,6.1899999999999995
200811,4736.419000000001,6144.772,15348.593,7752.601,1592.701,4406.376,13043.775000000001,30359.187,14427.905999999999,3445.503,6.457
200810,7179.071,5230.714000000001,14584.052,8759.380000000001,1315.7179999999998,4170.076,11329.397,34848.313,19405.51,4955.63,5.053999999999999
200809,5197.104,5685.866,14850.817000000001,6188.814,1359.011,4597.323,18120.795,38773.908,21779.745,4512.15,4.38
200808,6242.580000000001,4825.424999999999,15949.984,9358.887999999999,2800.281,4367.467,17381.653,43052.303,23481.305,4902.593000000001,5.285
200807,8505.615,6161.6939999999995,21726.444,9942.61,2870.208,5012.306,22961.740999999998,54679.109,26643.97,5865.923000000001,4.44
200806,5522.216,4260.141,16709.024,7297.991,1771.038,3510.9790000000003,21549.424,46589.896,22144.191000000003,5285.008,4.077
200805,5978.485,5369.818,11787.13,4793.6849999999995,1320.193,3458.319,12554.746000000001,30226.385,8308.785,3628.393,3.9859999999999998
200804,4893.354,5325.269,14711.909,5098.257,1233.128,3427.535,15351.154999999999,28891.405000000002,12876.965,5548.215999999999,1.396
200803,3738.96,3990.081,12358.585,6319.948,1513.095,4827.9259999999995,14289.225,31211.984,14542.509999999998,3589.394,1.246
200802,4909.022,3655.3940000000002,11327.350999999999,6167.218000000001,1292.149,4633.701,13774.69,27737.129999999997,12881.155999999999,3793.325,2.502
200801,6130.101,5122.6449999999995,11424.752,8047.726,1742.3050000000003,4644.211,14218.432999999999,30136.824999999997,13503.164,5041.668000000001,4.859
200712,6458.389999999999,5412.759,15936.901000000002,6600.923000000001,1499.897,3046.3720000000003,14787.658000000001,32337.307,15178.038999999999,5241.674,5.591
200711,5464.023,3979.272,16740.22,6190.718000000001,1200.1029999999998,3060.112,12567.202000000001,28769.344,12486.582,3605.8619999999996,2.302
200710,7034.287,3136.505,18197.699,6714.66,1405.132,3492.9339999999997,13547.073,36752.793,21004.331000000002,4931.394,3.1340000000000003
200709,7696.079,3958.213,18936.266,7416.729,1624.908,5343.959,17052.798000000003,41947.845,20078.345,5492.784,3.976
200708,9294.284000000001,6350.724,23365.392000000003,14157.578999999998,3825.3369999999995,4887.4800000000005,23870.984999999997,56237.322,33734.451,6471.724999999999,3.3840000000000003
200707,8570.344000000001,6358.327,22280.465,9836.812,3732.388,5072.718,21255.575,49690.871,27249.7,5890.362,4.8420000000000005
200706,6380.41,4443.7570000000005,17497.452999999998,7748.107,1761.458,3545.573,16471.48,42810.763,19877.076,3493.828,4.019
200705,7315.592,3711.343,15487.507,6403.5779999999995,1640.286,2553.772,11771.055,34343.809,15145.812000000002,3619.676,2.626
200704,6531.355,4076.524,17818.692,4871.724999999999,1136.783,3177.143,11198.214,30058.395,14408.643,3249.72,3.7119999999999997
200703,6339.495,4527.588,14626.746,4369.017,1385.5030000000002,2007.286,11505.944000000001,35015.431,14426.419000000002,2812.6259999999997,3.6399999999999997
200702,5622.882,4471.215,11275.100999999999,5936.374,1751.115,2246.716,8558.619,26863.48,10868.524000000001,4101.441,4.234
200701,6885.624,5447.955,12177.842,5772.939,2471.1530000000002,4030.5789999999997,9436.426,27835.942,10014.41,3795.63,5.025
200612,6200.87368,4444.44584,11482.461340000002,5261.7289,1580.86686,4366.89855,10182.94998,26022.14614,10395.69845,3015.4862000000003,6.80192
200611,6448.27452,5326.890600000001,12444.05775,4702.51682,1511.7062500000002,2601.63634,9622.34214,26319.02627,8911.533950000001,3116.54497,5.0273
200610,7735.72897,6336.26299,17816.92226,5656.1676,1710.659,5133.87083,10929.560739999999,36085.45628,11701.742180000001,5571.74694,3.5278400000000003
200609,6919.1158700000005,4842.19052,16785.53903,5389.14652,1496.09028,4774.75456,12532.23869,37279.24045,12880.15023,4490.07794,5.38572
200608,8565.54695,5549.40949,20532.29167,12158.72098,2660.6312000000003,4777.32532,22183.76736,54831.41751,25620.743550000003,4622.32605,5.2877
200607,10306.62702,6766.44671,24606.77871,11794.21371,3706.46274,3603.54389,23284.97835,60960.1219,29371.30333,5873.62118,5.82818
200606,8310.54414,4940.08052,18681.423329999998,7570.44344,1892.6144599999998,1992.39588,15198.388410000001,42987.55846,18159.68521,4077.57239,4.49631
200605,6780.0879700000005,4887.78544,15980.493550000001,6598.87446,1504.0862900000002,1384.83376,11916.871579999999,33903.361249999994,12165.89863,3652.8119500000003,3.7714499999999997
200604,6394.40492,3882.39149,13452.47308,5323.50644,1178.21648,2638.04259,9166.184140000001,27960.751310000003,10901.920269999999,1961.57008,3.4462
200603,7114.31081,3895.59151,14106.760339999999,5355.71487,1258.85514,5256.15896,9450.244209999999,31454.68385,14919.63177,2522.89173,2.6360799999999998
200602,5818.39129,4137.62212,12201.737439999999,4897.99672,1165.80949,4373.94326,8529.54578,21840.87854,10526.69169,2631.87366,1.5651199999999998
200601,5541.23995,3483.73489,11849.99498,4387.90797,1261.30148,5228.60707,9594.8624,21514.13643,8350.87416,3290.97199,3.1412500000000003
200512,4930.23358,2868.14462,11615.95064,5790.75171,1643.64394,3245.05933,11325.56359,22423.55457,10652.97823,3328.25083,3.91493
200511,4737.50786,4733.90254,11337.091670000002,4685.35685,1465.5998799999998,3761.89038,8668.96362,19102.7099,10116.65373,3161.0195,5.42228
200510,6063.228,5572.41035,12656.38148,5052.47027,1582.8560400000001,3323.06451,9729.51571,23396.83507,11489.3011,3848.31873,6.33861
200509,5317.72296,5653.6090300000005,17616.332589999998,7287.88407,1952.54934,4115.6565,14164.79206,36455.8061,17295.91605,3835.2338099999997,4.68993
200508,8525.43134,6957.49176,21797.538760000003,10418.413919999999,2523.6214800000002,6032.77947,23366.317880000002,51049.859650000006,23265.60376,5117.694579999999,5.9173100000000005
200507,8251.54411,6840.3159000000005,20140.03898,9677.76909,2838.10651,5630.57728,21594.04591,51568.39081,23089.0641,4947.01412,4.6885200000000005
200506,6721.74483,6000.39472,17207.51601,7678.519899999999,2279.18849,5108.86831,16335.9928,40090.18787,16916.93937,4720.38159,4.87842
200505,6904.67084,4755.30753,13617.60941,6605.9689,1349.14014,4767.72436,7988.30653,24575.369459999998,7861.67831,3874.24746,5.90302
200504,6571.03259,5841.235549999999,15777.382529999999,5334.398639999999,1341.9437,3856.26695,10087.61264,23164.23751,7671.59339,3657.49934,2.0371900000000003
200503,5731.00688,6133.20779,12988.32075,5562.9595,1552.90687,4009.88129,9624.28015,25891.45798,12269.18008,2562.08491,2.15751
200502,5384.07785,5964.08654,11789.80169,4802.472040000001,1198.8983500000002,4808.42681,9302.06918,20671.22555,8020.17944,3018.75394,8.08883
200501,4959.32129,5901.662499999999,12481.583920000001,5762.83547,1528.03965,4128.89797,8996.527259999999,24138.62632,11077.261740000002,2967.9852699999997,7.0614799999999995
200412,4782.88269,7237.26641,13367.929750000001,4870.3306299999995,1362.1543,4305.75845,15390.66804,23271.499,11111.23956,3210.40459,7.2175
200411,4414.49283,7379.081209999999,12351.21428,4242.6674299999995,1313.3665300000002,4584.20047,17049.452390000002,23624.01672,8445.983619999999,3207.6265900000003,2.8899999999999997
200410,4857.419089999999,6645.005529999999,15334.989899999999,4642.55586,1313.47519,2291.76557,8841.0571,24017.51226,5367.26966,2341.37759,3.36258
200409,6841.07393,6007.547689999999,14953.097339999998,6937.60713,1365.6530699999998,4311.52571,14351.3261,35619.272469999996,13913.32562,2544.3985900000002,3.90853
200408,7719.43857,7584.03716,16827.6506,7083.2716,1516.2296299999998,3987.57471,20282.17366,34381.31745,17702.69728,3893.35959,5.828250000000001
200407,7110.513070000001,6724.11272,17667.01043,8225.59701,1625.33522,3895.2892199999997,19123.44019,32230.54376,20234.58149,3202.74759,5.460999999999999
200406,6477.650739999999,6327.90969,15987.31234,6348.67159,1497.7578600000002,4074.6593599999997,17127.36163,29703.600530000003,13392.39242,3871.14159,30.25707
200405,6231.954290000001,6600.47724,13479.20008,7023.82815,1375.6860000000001,2007.15454,18429.72957,28347.2214,18721.970110000002,3791.73059,1.605
200404,4746.14288,6647.764880000001,18786.913660000002,5031.07671,1152.99014,4589.146640000001,11979.67912,19960.29879,8931.749749999999,2344.50659,1.712
200403,4400.30207,6884.175740000001,15663.09019,4493.05423,1169.30492,4570.51763,9322.63023,20957.80842,9369.51758,1925.21159,1.23379
200402,4582.58564,7218.65174,12541.53979,5195.1379799999995,1236.79665,4474.1659199999995,9311.34967,20905.252569999997,12017.95259,2680.76559,9.31641
200401,4888.75951,6195.11498,15145.215950000002,5782.86838,1326.39244,2799.56906,8311.04175,22358.166129999998,11186.85038,3292.95059,22.67986
200312,4709.842,6507.042,15338.608999999999,4742.178,1278.81,3034.449,11134.462,20425.664,9456.822,2748.412,5.2
200311,4961.529,6598.663,16175.077000000001,4083.408,1307.017,2650.676,10776.355,19884.238999999998,7352.495,3901.858,6.776
200310,4390.965,7464.911,20303.473,3661.953,1308.212,4287.2,11801.144,23980.650999999998,8812.806,3374.024,5.9639999999999995
200309,4854.609,6578.5199999999995,18452.284,4362.929,1275.243,4222.833,13136.921999999999,32432.588,9247.594,3952.141,6.042999999999999
200308,5482.209,6657.387,21388.877,10677.866,2460.2790000000005,5820.78,19388.024999999998,44366.861,15833.842,4431.111,7.043
200307,4900.692,7058.855,22132.027,9615.079,2580.473,4009.932,18216.745,38984.938,13264.407,4841.516,3.409
200306,3640.409,5951.203,17218.449,5149.118,1536.201,1972.608,13233.436,26544.745000000003,9249.933,3190.409,7.558
200305,3827.8160000000003,5616.715,12923.317,4640.394,1009.453,2381.532,11772.423,20589.116,7179.727,1859.894,4.381
200304,4139.921,6226.651,15204.971000000001,5235.037,1098.413,2326.31,11842.417,23473.586000000003,8148.877999999999,2020.511,5.380000000000001
200303,5116.072,6238.753000000001,12031.598,4465.023,1272.903,3156.821,12393.025000000001,24177.642,8957.542,4031.2870000000003,8.081999999999999
200302,3219.208,5728.869000000001,11483.747,4399.464,1225.846,2203.682,10539.69,22136.37,8344.028999999999,4059.3959999999997,15.099
200301,3742.521,10072.904,11421.942,5679.179,1276.344,2726.65,12657.596,24043.342999999997,9435.442,3914.8089999999997,12.035
200212,5152.185,10048.531,13979.686,4402.068,1289.886,927.5619999999999,14233.596000000001,26603.549,8873.387999999999,5175.168000000001,3.9690000000000003
200211,5125.424,9987.622000000001,11728.556,4148.892,1219.9759999999999,611.962,13815.032,27017.926,7916.023,5875.423,4.265000000000001
200210,5727.304,9907.904,14020.458999999999,3920.2799999999997,1305.431,520.952,12938.037,34028.868,9542.355,4027.223,4.523000000000001
200209,8341.406,9886.75,15648.79,6797.23,1534.65,478.495,18377.859,41921.435999999994,11114.802,4327.527,4.2940000000000005
200208,9827.472,10261.426,16815.185,9333.015,1966.2060000000001,638.953,26028.372,54435.637,17418.302,4492.1849999999995,7.324
200207,9489.617,9868.315,15662.473999999998,10634.747,2483.742,399.007,26030.738,53167.979,16032.839,4670.924999999999,7.8309999999999995
200206,6566.407,8223.675000000001,12770.359,7100.610000000001,1678.5910000000001,397.06899999999996,19025.313000000002,37960.803,11826.536,4138.477000000001,5.368
200205,6845.499,9842.595,12321.928,4516.87,1286.7050000000002,333.85900000000004,12828.63,27447.795000000002,7079.495,3960.7309999999998,4.497
200204,4866.499,8764.281,8794.755,5384.154,1171.856,249.79399999999998,15124.955,27900.143,7217.83,3611.912,4.132
200203,5926.924999999999,9868.951000000001,11843.603000000001,5150.84,1007.815,214.523,14664.342,28276.932,8702.780999999999,3944.03,5.125
200202,5009.401,9630.243,8679.502,4283.442,1127.8139999999999,198.234,13041.913,26780.124,8623.157,4503.845,9.868
200201,5753.7789999999995,10830.825,12712.188999999998,5324.83,1316.036,252.57,14586.996000000001,29786.477,7520.868,5812.202,6.76
200112,5218.9310000000005,8535.48,11657.929,5462.870000000001,1399.4999999999998,428.19499999999994,12499.546,33071.608,8628.432,5845.3,4.788
200111,3186.13,8744.65,10716.134999999998,5091.714,1286.598,409.289,12687.596,29903.853,8006.439,4400.74,4.326
200110,5893.271000000001,8193.69,12728.666,5258.375,1274.462,744.3340000000001,16675.32,38707.331000000006,8068.013,5839.13,6.769
200109,6913.62,8494.25,13815.315999999999,6252.759,1295.622,575.6759999999999,15680.374,43304.943999999996,8673.115,5993.2,5.48
200108,6020.624000000001,9221.86,14526.394,11171.689,1933.686,538.6279999999999,23336.268,58095.336,10764.629,6119.4400000000005,12.341999999999999
200107,3764.601,8154.650000000001,11349.278,10660.025,2415.7110000000002,514.254,17722.256999999998,46656.538,9062.329,5534.35,9.816
200106,3405.558,6863.679999999999,11035.705,6230.21,1517.605,527.417,17909.136,41929.563,8086.4310000000005,4840.08,7.343
200105,2508.52,7001.87,9127.672999999999,5092.923000000001,1283.962,511.411,12873.617,32557.84,6490.757,5150.13,58.119
200104,1749.122,5157.2300000000005,6573.982,4998.894,1236.972,602.0840000000001,12083.722000000002,22492.359,6411.469000000001,3657.1299999999997,5.349
200103,4359.231,6254.75,10117.65,4339.425,1449.556,417.914,13631.033000000001,23688.237999999998,7162.473,4575.2699999999995,9.07
200102,2842.253,6392.07,7324.917,3805.261,1079.7259999999999,401.404,9806.215,21617.362,5760.1849999999995,3579.67,10.794
200101,3085.668,5746.27,8553.787,4225.245,1259.0980000000002,505.676,10029.630000000001,23256.639,7518.9349999999995,3512.72,69.096
