,AL,AR,DE,FL,GA,KY,LA,MD,MS,NC,OK,SC,TN,TX,VA,WV
202111,37420.06,17751.043999999998,3210.924,96095.198,40034.695,12234.123,50260.66,10953.074,27410.091,39077.359,15796.907000000001,16087.161,10267.468,152338.592,32057.585,4361.083
202110,35581.373999999996,15649.890000000001,1930.737,123430.578,38836.888,11303.932,53395.668000000005,11781.001999999999,27523.59,31693.796000000002,19782.477,17585.903000000002,8718.108,180011.775,30225.947,4268.897
202109,37463.001,15001.069,2620.33,130698.913,37249.549,10366.587,45179.598999999995,10158.719,29734.684,32483.769,25370.082000000002,17552.518,13110.162,205081.345,32825.319,3469.0969999999998
202108,45228.632,17464.609,5193.691,144081.07,46430.676999999996,14856.809000000001,59630.581,12225.675,38261.495,41095.291,35184.299,19689.184,16958.295,243177.231,43911.439,5477.133
202107,42921.536,16520.439,4540.947999999999,138504.711,45668.967000000004,14427.458999999999,61759.782999999996,11552.549,38569.466,43027.948000000004,34433.92,18549.225,16815.531,239470.667,42995.423,5503.864
202106,40894.361,16453.821,3982.2419999999997,124647.466,42335.216,13237.013,56570.117,8583.039,35494.271,30261.170000000002,29395.782,16661.243,14854.678,220457.153,39781.054,5609.287
202105,32599.368,9521.614,2539.912,118851.818,34805.318,10592.624000000002,48586.967000000004,7187.832,29865.677000000003,23014.684,18576.572,14702.627999999999,9846.288999999999,166823.12,28336.368000000002,4648.862
202104,27549.848,13675.108,1902.504,100512.266,33934.558000000005,8278.261,45356.986,9724.171,28940.904000000002,18673.374,15656.936,14791.433,7983.002,150649.273,32138.767,3726.932
202103,29511.887000000002,12609.579,1521.882,96216.972,29140.274999999998,10394.601999999999,45871.265,8298.809,21868.333,24275.82,16043.092999999999,10424.070000000002,10149.331,133346.101,35750.952,3267.7969999999996
202102,30903.134000000002,9087.694,1761.215,90683.162,30267.213,10939.085,44139.619,6993.785,29858.271,24560.45,22816.214,12068.225,12014.327000000001,156636.772,29162.06,3778.1040000000003
202101,37690.641,10645.934,1609.585,94996.522,37429.655,11679.206,47852.401000000005,6556.4439999999995,36912.496,31654.436,24090.653,14548.467,14852.132,165644.38499999998,35015.005,4012.5620000000004
202012,36951.998999999996,12120.722,2514.819,94532.054,39242.292,11828.388,53525.261,6288.967,31022.912,30802.279000000002,24394.471,14611.431,14126.984,156329.237,37374.486000000004,3816.822
202011,28091.409,7728.584,2825.692,102973.09499999999,35524.207,9614.581999999999,51768.912000000004,7931.66,26110.292999999998,22747.625,15677.869999999999,12891.938,10740.965999999999,145661.397,27791.494,3907.851
202010,34805.462,11448.579,2470.828,126070.109,34190.073000000004,10095.262999999999,55936.560000000005,10104.346,30593.815000000002,23161.149999999998,23923.895,13704.509,10364.348,182160.208,34568.342,4920.513
202009,40070.025,9583.637,3580.26,127733.822,36131.792,7444.333,51228.545999999995,8209.048,33335.161,25418.877,29294.968,16624.733,12428.715,203341.666,38974.791999999994,3399.561
202008,46371.331000000006,18683.966,6916.999000000001,142606.781,46092.518,13486.491,61245.162000000004,10528.185000000001,42871.496,32105.754,40627.102,19637.899,13460.265,257054.918,48485.701,5310.022
202007,51342.388,19879.430999999997,6887.787,141680.992,47550.851,17904.06,68393.887,13307.87,43953.0,34876.051,48733.586,21959.582000000002,17634.869,260263.87999999998,51788.915,6155.832
202006,43337.176999999996,15900.721,4747.407,131648.827,43827.068,13060.41,59652.094000000005,9310.022,37428.095,26894.958,34634.318,16147.14,13048.721,210138.877,41402.523,4832.465
202005,34078.519,10762.037,3251.069,113333.19799999999,38353.196,10915.756,54147.58,6649.414,36500.673,22426.215,27806.515,16760.23,9550.441,179925.771,39082.298,4545.451
202004,25062.697,9255.721000000001,3717.559,111150.738,29857.601,7962.63586,51619.375,8528.095,29381.300000000003,15887.258,20809.751,15596.145,9114.571,152921.609,37365.146,3100.884
202003,35571.169,12731.996,2626.2090000000003,114792.949,31905.934999999998,5912.43376,54028.787,9925.171,27463.351000000002,27471.609,26968.829,15914.92,11586.622000000001,167361.013,41430.901,3496.9719999999998
202002,34579.089,11636.435000000001,2679.597,100187.243,38687.869,9038.27076,51400.335,9993.531,32910.835,30629.05,28875.912,15520.814,13998.803,167573.978,39995.729,3169.665
202001,35027.041000000005,15215.661,3018.1409999999996,100783.311,38151.774999999994,11363.795,52463.674000000006,7365.357,32465.37,30691.090999999997,31157.476,15996.398,13689.652,176075.87,44692.856,2930.0240000000003
201912,32873.477,13056.905999999999,2188.5550000000003,95287.496,38947.437,11295.65786,46332.861999999994,7062.689,28861.607,25769.839,29815.504999999997,15508.349,12900.446,176717.39800000002,40542.507,2695.6580000000004
201911,34052.283,12541.0,2801.641,92029.85399999999,37299.47,11612.81448,45680.393000000004,7005.762000000001,27864.783,25368.922,22445.017,14121.281,14339.49,163374.254,29881.392,3672.0429999999997
201910,39598.792,17110.068,3245.666,127723.135,37321.224,13628.75376,53312.208999999995,9055.853,30177.506999999998,26746.218,26228.962,15036.537,9878.274,184935.23,27890.873,6364.619
201909,47532.373,16965.896,3886.508,134243.19499999998,42711.873999999996,14027.174759999998,59334.09,8992.627,38279.046,29870.269,35806.367,18816.988999999998,16193.415,235943.132,39303.854,5134.254
201908,49065.966,20827.696,6083.835,138953.606,47525.658,13273.03286,65766.151,11318.398,42353.159,31759.883,47286.846000000005,20625.15,16049.292,278846.15099999995,47531.147,5320.085999999999
201907,48418.596999999994,19721.019,7127.991,136146.334,46373.388999999996,14858.38048,65909.493,12579.34,40997.904,32512.534,43605.416,21269.894,16280.523,250094.834,49416.93,5396.233
201906,43296.798,18176.93,3809.113,131442.179,41540.671,10781.34073,61781.172,8967.5,30561.971999999998,26436.821,34725.627,18234.324,14690.644,216352.66,41252.351,4006.6940000000004
201905,40621.426999999996,14359.064,3403.319,128647.922,38803.625,10686.200270000001,58720.874,9265.081,31184.525999999998,24226.268,22645.897,16925.264,14494.5,188644.006,27226.789,3634.3329999999996
201904,30991.418,11616.729,3116.437,105613.519,34568.670999999995,8868.34938,54660.181,8003.6410000000005,25436.203,21474.809999999998,21263.826,13498.224999999999,7582.731,142647.32200000001,27108.101000000002,2499.3590000000004
201903,39603.023,13632.485,3705.7000000000003,98794.545,29641.29,12023.76948,48597.274000000005,11829.23,25597.445,27343.037,22124.877,12761.399000000001,14549.841,156452.497,35157.676,2829.9449999999997
201902,32192.459,15479.018,2527.156,88915.095,31320.791,8780.91548,45972.801,9441.817,24738.743,27951.215,22431.157,13738.634999999998,12658.528,143217.21300000002,36853.685999999994,2578.508
201901,33826.053,13232.896,2359.0890000000004,93372.06499999999,35515.197,12811.40548,53413.40900000001,8757.851999999999,27041.894,27576.825,26412.949,14166.551,13498.543,174322.45899999997,38035.593,3658.6499999999996
201812,35470.056000000004,8474.97,2126.975,88680.948,31373.493,9189.00776,42633.884,8143.9400000000005,20587.243000000002,27017.463000000003,21144.599,12276.491999999998,10619.182,159084.876,35553.969,2863.791
201811,36029.133,10150.81,2749.395,98946.08,28363.724,11652.479860000001,41784.37699999999,7249.981,25418.808999999997,28476.193000000003,23357.168999999998,17533.206000000002,11722.317,151830.624,30508.868,3019.118
201810,40872.851,15675.466,5161.541,124178.876,33764.624,12236.122479999998,53028.003,11873.237,24612.948,30178.36,24012.691,18111.013,11929.492,171984.67200000002,23813.596,3904.73
201809,46900.019,13870.303,5004.3820000000005,133814.41018,39710.223999999995,14216.01976,55161.447,12879.206,34588.468,32001.574,33448.354,22789.324,14518.423,198778.924,37153.356,4212.716
201808,47112.4,18742.018,6407.426,133697.68537000002,40261.609000000004,14131.61638,57772.268,13483.91,39579.075999999994,35507.602999999996,38954.213,21130.982,14723.707999999999,239389.432,40463.619,4957.018
201807,48757.170999999995,20534.324,4748.161,133836.86123,42424.520000000004,14204.96176,61180.493,12553.741,40700.549,38560.777,44573.003000000004,21711.464,14963.693,259493.02000000002,39353.449,4827.205
201806,43049.426999999996,18954.346999999998,3294.594,121924.15353,38286.189,11165.20016,55705.388,9789.129,35053.205,31349.9,37625.06,17860.989999999998,12188.311,208664.049,37709.297999999995,3682.815
201805,43667.429000000004,17589.128,3864.3950000000004,107528.825,35078.176,11477.25065,53532.905,12634.638,35063.971999999994,25691.334,35868.211,12778.994999999999,7827.986,195329.322,29595.502,3376.2059999999997
201804,37589.123,15581.535,4308.157999999999,98512.71900000001,25089.650999999998,9198.73648,45353.556,8535.831,32167.541999999998,21868.997,22423.347999999998,10141.473999999998,8476.135,141279.02000000002,22603.009000000002,3015.3140000000003
201803,35288.364,15152.206999999999,4423.481,94803.5055,30461.017,11245.79338,41453.534,8297.518,27416.349000000002,29992.631,17545.955,11777.609,10393.43,149503.71600000001,30635.907,2486.872
201802,29155.612,13465.048999999999,3443.8399999999997,85835.33714,31073.282,9220.94738,42912.433000000005,6559.445,27250.843,24374.344,19693.120000000003,8262.35,8091.063,146184.583,31895.625,2962.5510000000004
201801,39790.28999999999,14857.035,2955.437,94914.32203,36418.168,17900.58548,52886.543,5444.44765,37576.807,27840.159,19733.758,13444.34,13071.144999999999,170733.211,32248.332,3957.245
201712,35214.245,15406.452000000001,3652.034,90653.18018,35384.037000000004,11698.12148,49325.045000000006,6601.961,32354.405,28770.24,21697.002,11594.742,10633.747000000001,158163.474,29906.735,3564.6440000000002
201711,34502.464,7986.282999999999,2924.904,89456.90647999999,29323.285,9608.326860000001,40889.337,7374.417,25985.935,24036.92,14844.142,12018.916000000001,7525.955,128160.73199999999,28166.083,3400.228
201710,35629.077000000005,12258.512999999999,4481.990000000001,111897.77253,32090.608,6178.22048,49322.376,5030.80465,25228.591,23095.423,17891.104,13500.101,8436.655999999999,148916.678,22016.015000000003,4832.8009999999995
201709,38236.416,13080.844000000001,5339.673,115452.98003,35413.371999999996,9093.317,50610.615999999995,7186.8640000000005,29444.692,25360.099000000002,21871.257,13909.871,9344.635,165260.46300000002,32094.788,4899.647999999999
201708,44072.837999999996,13663.12,6172.155,131620.72006,42477.729999999996,11738.64276,53132.534,6263.933,35701.001,27936.065000000002,29639.977,14105.999,10545.015,216789.926,35683.604,4744.485000000001
201707,46288.191000000006,18475.157,7135.535,127417.68993000001,40608.808,14115.690999999999,56413.238999999994,7231.1849999999995,39142.204999999994,28722.489,37129.763,14665.236,12013.311000000002,235177.338,37899.594,5112.192000000001
201706,35597.283,14438.711,6253.9,111688.0292,35912.521,10488.286,52038.22,5598.031999999999,30740.546,24772.54,25583.703,12622.085,10157.009000000002,193730.508,34577.626000000004,4238.6900000000005
201705,35299.748,14020.31,6529.043,113211.85685,33986.887,8650.74292,49070.553,4304.498,30862.164,22391.061,19320.86,14345.734999999999,6339.1939999999995,153402.545,24105.875999999997,3412.544
201704,33952.373,14063.076000000001,3532.72,94745.94333,27846.805,9575.07365,47499.868,4791.467,26386.347999999998,18972.142,18648.377,11636.883000000002,9261.926,136369.371,20283.896999999997,2675.858
201703,35953.725999999995,12781.279999999999,4943.468,91639.83957,29831.362999999998,10195.379379999998,43209.427,5645.259,30355.440000000002,26382.743000000002,14111.737,12107.472000000002,11803.006,134833.04499999998,27976.386,3306.115
201702,26741.658,9072.627,3499.3489999999997,77774.2843,31820.551,5063.51148,39324.52,3800.028,19898.589,23838.893,12279.463,9345.217999999999,7984.523,115311.84,24440.186,2901.504
201701,29809.159,8908.978000000001,3222.106,82570.5599,32678.272,7413.905860000001,41961.195,2939.085,25617.553,24803.396,16974.982,8690.689,8312.836000000001,131398.508,25367.24,3720.383
201612,35651.02,10083.767,3149.5480000000002,81146.19123,28886.813000000002,8786.73348,44564.125,1743.488,28425.657,23351.436,18686.178,8451.834,11225.414999999999,135163.91,23709.905,3735.826
201611,34645.469,12687.418000000001,4617.378,81020.1287,26577.316,6756.66476,43919.266,1164.247,22152.158,24909.262,22793.144,14616.767,6481.834999999999,138191.049,23208.26,3190.1800000000003
201610,35707.718,11261.091999999999,6688.22,101731.96883,29240.806,7611.3189999999995,46242.288,4607.816999999999,28070.989999999998,20178.877,20819.056,11741.244,9177.592,156198.021,20427.176000000003,4316.412
201609,44460.93,11524.054,6596.873,113660.90317,34875.634999999995,8621.176,53189.597,7178.529,37355.101,26276.424,27836.648,14864.894,11811.702,191639.88,30874.722999999998,4072.719
201608,47592.606,18693.506999999998,8426.362000000001,125948.73814,44920.755,11247.39,58160.046,12997.196,38884.755,32849.020000000004,31834.942,16066.898,13852.344000000001,224787.029,41161.462,4268.918000000001
201607,48601.008,18415.309999999998,8941.23,127891.65787,46853.711,11703.52248,64173.976,12317.329,40618.128000000004,31805.33,35690.268000000004,17136.916999999998,13620.701,221742.22199999998,39825.885,4278.0380000000005
201606,43248.006,19273.248,7053.7390000000005,119024.92,42839.156,9955.82926,58508.727,5155.366,37066.277,25979.483,33200.676,13381.974,12719.276999999998,199211.28000000003,31871.394999999997,4227.608
201605,37111.892,13642.23,5112.707,111114.618,36407.926,7580.6821,55338.269,5073.382,32584.147,23088.222999999998,24080.951,10998.201000000001,8685.949,176331.086,24344.132,3772.392
201604,29852.275,12345.487000000001,5724.196,103823.29269999999,32748.528,7069.31838,48965.967,4737.327,23009.123,25086.161,21440.288,7689.244000000001,7054.067999999999,158113.434,15763.041000000001,3331.844
201603,34902.155999999995,14508.963,5035.336,94193.63012,31988.319,8787.042379999999,51164.849,5615.062999999999,27233.658,29140.26,19045.326,11132.463,8626.125,162216.599,22800.785,3133.223
201602,33427.577,7830.116,3682.581,83114.29016,28455.409,6791.165999999999,49897.49600000001,3469.695,30696.716,26429.025,17554.419,9188.151000000002,8516.747,144516.59,25560.649999999998,2920.375
201601,38456.248999999996,11029.159,3376.4570000000003,90691.25885000001,31796.352,8988.77486,54416.168,2234.7290000000003,31853.411,25382.983,23488.821000000004,11077.2,8938.196,166240.15300000002,26262.001,3091.0660000000003
201512,37571.788,8615.365,3493.8030000000003,93151.59581,30832.884000000002,6184.733,58142.236,3462.5029999999997,26273.055,24077.596,24714.804,12660.117,8118.258000000001,167222.805,25509.486999999997,2765.395
201511,35404.026999999995,7219.719999999999,3272.5099999999998,95790.96643,30948.726,7841.294,55223.666,4238.266,26578.66,23959.704,22204.068,14614.062,7424.687000000001,151906.529,18976.539,2847.693
201510,35646.474,6063.263,4079.81,104186.15243,33869.026,8965.457,54566.63,4027.1679999999997,24577.415,21233.673000000003,18273.326,13362.753999999999,6446.189,172415.975,13835.982,3033.4179999999997
201509,37720.206,10833.300000000001,6052.5470000000005,109805.04104,34984.842,8053.393999999999,52855.937,5608.1990000000005,27701.534000000003,25684.698,21961.942,12894.988,8663.447,196723.376,24402.682,4169.646
201508,42215.556,14842.244,6398.072,117214.31611,41224.07,8377.124,60970.319,6548.677,33252.273,27561.494,30220.209,14927.930999999999,8894.368999999999,235802.69700000001,28983.364999999998,4588.743
201507,44280.386,15286.248,7079.709,115262.14204,44648.442,10185.312,64900.136999999995,8773.036,35881.717,29004.099000000002,32553.512,16342.154,10587.182,230698.22699999998,32089.281,4963.768
201506,41460.514,12156.894999999999,5741.492,110280.07313,38491.068,7017.937,59782.725000000006,6177.186,33173.15,29331.801,24150.853,15918.746,9934.314999999999,192079.32400000002,28939.379,4100.642
201505,36880.616,9473.478000000001,6271.427,105640.54900000001,32832.292,6817.85,50969.385,6083.1089999999995,27135.026,25753.183,18865.483,11029.219,8536.523000000001,166558.59399999998,24463.843,3332.6310000000003
201504,28675.126,10708.639000000001,6900.330000000001,102529.53821000001,25763.765,6133.985,46595.695,3690.564,20910.307,20721.737999999998,18510.310999999998,10094.1,6328.915,158458.293,14848.197,2520.252
201503,34700.469000000005,13106.237,3554.346,89994.96321999999,30369.383,6281.498,46333.263999999996,2376.9539999999997,27716.009,21424.946,20849.915,9488.787999999999,6508.224999999999,169774.17799999999,20608.829,2838.007
201502,35769.903,14873.348,2715.12,77753.42829000001,30474.948,9335.733,44976.437,2684.993,31722.447999999997,23366.135,22621.364,8499.535,9550.606,155163.60700000002,21053.838,3567.7799999999997
201501,40473.297,12222.892,4404.575000000001,84432.43586000001,33524.981,6033.44954,48710.926,2096.168,27604.421000000002,24696.799,22808.851,8496.592,7483.584,175260.13199999998,20003.459,3416.771
201412,35769.668,7796.821,5283.503000000001,74810.13253,26871.613999999998,5202.987,43947.646,2143.547,22206.139000000003,22920.254,17942.198999999997,7265.838,5106.768,153401.40999999997,14149.811,3031.186
201411,37564.976,6336.1089999999995,5191.9310000000005,71480.24056,27628.463,5640.00248,44798.458,2029.7269999999999,17545.7,18944.609,14575.111,6815.195000000001,6000.001,144602.224,12039.607,2965.3239999999996
201410,34441.366,7043.235,4678.492,94727.87573,31881.202999999998,3514.3540000000003,46457.647,2723.08,20564.267,14241.732,16689.28,7315.976,4400.986000000001,161141.12900000002,9256.347,3496.046
201409,36743.895,8183.757,5786.773999999999,100339.97859,31404.812,3955.0119999999997,49018.023,3240.369,21131.61,21388.572,17590.810999999998,7926.2570000000005,6019.984,181417.183,16844.547,3415.5020000000004
201408,39873.176,10319.84,6495.016,117591.55614999999,36132.109,4940.818,58492.875,4840.919,25683.269,22604.859,28190.726000000002,10475.464,7917.751,222691.792,17569.323,3373.743
201407,35555.252,9234.14,6429.295999999999,109251.00065999999,32315.774,5117.325000000001,52213.357,4873.947,21900.059,23180.435,23200.15,11645.171,7351.7339999999995,202544.689,18867.997,3588.3030000000003
201406,34542.227999999996,10713.139,5304.419,100085.3776,29975.567000000003,4727.765,50415.253,3971.334,22281.037,23263.576999999997,19043.434,9789.066,7966.0599999999995,177512.067,17873.222999999998,3115.932
201405,31810.625,8891.844,4161.091,98307.06383999999,25517.21,4542.8369999999995,51353.468,3094.199,22106.337,18487.514,16714.122,10283.966,6814.781,156502.597,17075.409,2547.668
201404,22841.232,7792.3060000000005,3762.795,91176.82253,20225.917999999998,7224.419,44555.938,1909.6440000000002,12715.158,16758.47,17448.632,8745.99,3934.3550000000005,141546.18800000002,11484.065,2282.2129999999997
201403,31256.484,8743.477,4434.485,82160.72668,21187.324,8092.93779,40651.1,3072.1189999999997,17840.369000000002,17330.479,15357.28,7585.502,3753.819,139054.648,14611.653,3536.436
201402,23093.874,7338.0380000000005,3025.541,64941.9623,17396.515,7428.22573,42740.602,2050.437,18577.491,11281.193,22330.295000000002,5413.079,3717.58,136007.06,15734.628,3740.419
201401,37106.189000000006,10673.076,3147.9809999999998,82631.43268,25620.144,11055.92241,51029.656,2928.747,25842.809999999998,21303.916999999998,22875.756,8344.188,8768.534,154048.20200000002,17202.875,4259.639
201312,31828.714,9913.464,3636.234,75782.67252,21640.806999999997,4418.1787699999995,50554.992,3666.8680000000004,20064.202,20910.866,24263.676,6160.619000000001,3948.2619999999997,163635.61000000002,15007.58,2846.5049999999997
201311,31322.619000000002,6799.34,3488.6400000000003,79998.68808,22377.351000000002,3764.9258200000004,44753.382,1403.8629999999998,18430.601,18330.913,16425.975,6512.483,5003.1539999999995,149641.184,15480.828,2689.9129999999996
201310,31287.603,8306.163,4722.011,97541.60785,27603.798000000003,4035.476,44092.333999999995,3356.1049999999996,19151.077999999998,16923.501,15980.899000000001,7252.075000000001,4191.586,154417.815,13604.889,2720.735
201309,30799.004,9881.662,4710.415,99796.55605999999,29218.626,4125.20103,48749.908,4186.326,20380.195,20385.861,25725.835,9755.124,4673.101,191645.252,17687.937,3010.0600000000004
201308,37511.084,12614.662,5468.555,111283.37419,31267.111,5178.72605,56986.599,2816.906,29065.424,21944.107,33325.64,11794.115000000002,5870.308999999999,225760.694,22157.093999999997,2934.198
201307,34815.757,13081.537,6392.023,101635.48717,28273.036,6952.48293,56132.518000000004,7064.946,27497.602,22081.83,31748.271,13095.609999999999,6045.367,204524.872,23703.927,3589.687
201306,33191.737,12615.435,5138.041,101252.95904,29408.678,4488.98235,52175.167,3832.166,27374.138000000003,19625.162,27994.229,10789.972,5115.463,186423.04200000002,14249.433,2864.4990000000003
201305,25716.039,7938.030000000001,4752.192,91151.193,23969.12,5078.24427,44075.393,4554.446,19293.292,17442.717,21719.605000000003,7873.433,3173.6310000000003,153610.929,14189.007,2313.181
201304,26408.219999999998,7438.92,3732.915,84140.86861,23060.908,4653.39768,44752.768,3138.6079999999997,15200.046,15967.275,18182.902,8152.846,3072.5789999999997,140853.41,14697.112,2080.324
201303,35554.685,11611.088,5925.28,82416.23977,26960.188,6392.39383,41556.592,1729.1039999999998,17886.702999999998,18187.493000000002,20458.845,9175.471000000001,6948.083,134631.878,11493.125,2471.402
201302,34835.744,11190.289,3257.3990000000003,80156.60164000001,26380.803,4476.36996,37525.727,1640.704,19470.990999999998,16463.823,16160.554,7959.936,5343.601000000001,123752.308,15347.065999999999,2736.325
201301,31526.024,12118.359999999999,3562.047,80100.76714,25886.556,5165.54459,46641.336,1205.596,24889.697,18113.212,20100.442,8160.039,6942.809,152862.466,15347.463,3377.48
201212,35441.64,8022.387,4481.416,90209.506,28307.656,4223.82256,49466.57,2064.514,20374.999000000003,13573.79,16885.244,8557.512999999999,7191.753,141531.48400000003,14718.442000000001,2884.6130000000003
201211,31118.801,9478.407,3131.301,78259.188,23210.004,4813.22601,42362.647,4136.285,18224.093,10248.119,16410.298,11596.294,6604.83,133342.991,12814.179,3125.1969999999997
201210,28898.402,11036.039,5016.648,98576.267,25847.248,4148.92222,50002.297,3332.991,20070.891,10967.726,18857.934999999998,11433.168,5914.009,144614.837,13665.551000000001,2584.186
201209,36022.024,11620.587000000001,5414.46,110190.64199999999,30440.534,4610.24867,53946.647,4452.906,22633.575,15909.845,29108.124,11730.591,8145.137,179164.04299999998,18466.186999999998,2791.701
201208,43997.942,17565.369,6321.0419999999995,119260.79699999999,35774.838,6761.42821,61916.108,6822.048,32086.216,19252.768999999997,41110.463,11105.597000000002,8849.151,229164.884,21851.153000000002,3542.6259999999997
201207,47765.667,20485.44,7369.284000000001,119585.68400000001,42705.382000000005,10055.148000000001,64093.740000000005,9481.094000000001,35381.792,23532.906,47701.884999999995,14128.742,11579.634,223009.01200000002,27740.777,3874.8439999999996
201206,42556.22,16177.268,5994.845,107398.997,35626.674999999996,7373.52831,62265.991,5772.183999999999,34419.539000000004,15583.966,37923.583,10774.679,9146.395,206523.693,20230.066,2846.854
201205,41946.881,13831.232,5578.519,110315.11,32254.8,9067.83837,59653.332,10022.696,32549.104,15365.832,34090.437,12388.273,8536.953,185932.854,16368.742,2876.317
201204,34670.805,13048.958,5790.054,96299.398,25813.347,9314.035390000001,49657.65,9883.776,26464.146,12498.241,31651.591,9354.985999999999,7259.292,173072.288,9663.785,2277.087
201203,33536.722,8765.095000000001,4645.986,96502.716,21781.389,5363.88324,46026.947,4375.45,25947.397,12489.885,23492.739999999998,9792.973,5816.13,154793.104,16727.681,2349.423
201202,37706.703,12550.150000000001,4066.1369999999997,78149.043,21127.436,4067.82842,40611.814,935.748,24485.353,14833.800000000001,22099.46,9629.13,3369.372,140421.167,17440.861,2374.1859999999997
201201,36584.781,12501.342999999999,4230.279,83485.265,21495.826999999997,4967.10547,41763.950000000004,1371.495,24061.611999999997,12331.374,22633.114,10185.258,4480.171,153151.754,17878.779,2762.275
201112,36152.467000000004,8754.997,4064.784,78168.50663,17586.61,4366.562730000001,42221.363,1775.894,20105.874,10421.827000000001,18570.44,8979.762,3620.9610000000002,154440.233,15248.7,2760.7599999999998
201111,35319.143000000004,7425.008,4504.875999999999,75847.817,15263.025,4114.348550000001,42491.274,1264.1039999999998,18569.959,9861.024000000001,14340.726,9048.624,3090.21,132099.72999999998,9678.002,2235.194
201110,30815.057,8964.419,4092.0389999999998,86212.05819,20876.259,4503.97966,41360.886,1465.493,18982.256,7880.879,17634.917999999998,9287.987,3464.134,142672.982,13358.01,2022.051
201109,35001.159,8699.286,3855.632,104843.98419,19807.100000000002,4352.27433,46630.704,3169.321,20187.274,9411.885,24726.039999999997,10370.984,3157.084,182897.127,15554.107,3457.216
201108,45444.624,17928.689,4206.554,115117.08723,31778.344,7096.95504,59911.221999999994,4287.978,32831.729,13739.455,43598.962,11929.020999999999,4743.322,256724.19799999997,18427.436,3689.2030000000004
201107,41569.913,19401.012,5500.357,110455.1988,26791.805,8727.794689999999,55997.825,9664.123,31092.953,17042.064,46109.935999999994,12708.707999999999,7181.512000000001,239263.93600000002,23549.722999999998,4349.700000000001
201106,35810.734000000004,15656.27,3731.382,106925.66673,24735.749,6156.39523,52983.451,4807.922,26896.81,13417.641,33537.613000000005,10890.4,6545.896999999999,199094.16400000002,14856.793,3635.9039999999995
201105,28081.748,10000.853,3167.862,98816.14619,20136.813000000002,5732.37245,53167.34299999999,3784.59,20078.85815,10568.197,19959.529000000002,10186.993,7230.476000000001,158775.32,7992.629999999999,2995.413
201104,21041.229,8095.724,3412.6910000000003,96611.64753999999,17424.703,4515.6778,50015.993,2067.389,14296.50763,5771.343,16978.948,8562.78,3758.3059999999996,148046.74899999998,6009.535000000001,2542.5280000000002
201103,24292.988,8249.526,2917.826,79836.65984000001,12726.15,4203.07669,42152.357,1629.652,14072.959030000002,6678.6810000000005,16022.266,7932.743,2754.739,119794.216,9545.59,2781.344
201102,27792.071,9353.215,1653.148,65899.98215,11889.946,4106.9517000000005,44356.202000000005,1425.113,17125.074500000002,5647.54,18539.635,6537.0419999999995,2308.427,131780.123,11660.776,2656.797
201101,31460.174,10871.389,784.3059999999999,74246.27111,15838.237000000001,5316.54881,45741.35999999999,2018.603,21404.172479999997,8013.322,21218.299,8964.989,5137.114,143664.44,13201.084,3241.256
201012,32947.045,9206.011,816.3009999999999,81539.14099999999,18205.917,7247.781,43423.209,2816.0280000000002,21341.101,9321.11,23140.517,9737.09,7222.01,128494.437,15560.484999999999,3477.554
201011,23786.773,4769.831,1496.0939999999998,68349.943,12572.168,3800.0510000000004,35326.544,1415.438,15078.898,6434.188,16011.666,6623.419,3475.663,121618.896,10789.194000000001,2074.12
201010,26919.79,8213.301,2392.6310000000003,87427.219,12617.661,3413.759,42006.104999999996,1493.527,14307.663,6832.911,21047.912,8520.083999999999,3414.299,132940.796,14691.549,1906.1129999999998
201009,29712.648999999998,11810.99,2848.776,102367.152,20472.635,5104.241,51865.418999999994,4982.4619999999995,21737.449999999997,8468.486,29736.079999999998,10985.369999999999,3467.285,169553.24,14715.934000000001,2478.015
201008,40004.701,19171.388000000003,3694.829,106694.019,31356.602,8762.871000000001,64841.426999999996,6918.089,32445.614999999998,13530.619999999999,43529.667,13086.323,6430.384,230238.434,20043.539,3770.5499999999997
201007,36823.394,16786.113,4777.353999999999,106535.92300000001,29717.864999999998,8078.655000000001,58233.521,10041.327000000001,29748.955,15259.094,39132.184,12981.688,7223.318,196639.749,24040.288,3952.068
201006,33157.375,14707.459,3335.027,105557.84000000001,24148.591999999997,6583.323,53224.08,6013.54,25479.243,14131.199,35088.909,11535.386999999999,4541.548999999999,186787.021,18215.593,3024.952
201005,24758.232,9270.854,2187.648,99377.932,15532.696,4714.189,47306.721,2936.747,20416.627,8307.791000000001,23510.083000000002,9089.204,2693.978,160786.07299999997,9505.618999999999,2947.727
201004,17442.333,5161.825,1171.4109999999998,74536.777,11565.150000000001,3367.678,38168.539,1967.076,14254.965,5228.111,18295.076,5076.177,1704.844,134297.236,5611.630999999999,2855.3889999999997
201003,20191.436,5755.460999999999,924.673,71261.07500000001,11486.417,3723.7149999999997,36437.229,1663.698,15865.197,4943.353,17425.21,4281.999,2014.8039999999999,119477.198,5235.246,2725.303
201002,22222.094,7452.575,915.958,66618.086,14799.547999999999,4312.892,34129.193,1750.588,18439.355,5969.7880000000005,21460.32,5172.932,2274.414,139223.339,10818.652,3116.7819999999997
201001,25674.493000000002,10066.711,1155.352,75205.537,16057.697,6488.1140000000005,44314.738000000005,2021.245,20379.498,7835.919,26488.428999999996,6173.383,3639.165,152674.277,10501.923,3570.3830000000003
200912,20837.639,6418.845,1422.7069999999999,63877.587,13951.493999999999,5080.275,40598.901,2404.081,16580.218,4978.503,25075.982,5298.775,2698.879,145890.035,8734.232,3281.575
200911,17967.978,4190.905000000001,842.456,70886.626,12398.777,3525.686,35956.164000000004,1342.848,12539.23,4297.535,16828.987999999998,7115.206,1617.678,113991.79800000001,5526.803,2258.133
200910,17434.019,6402.474,1912.533,93134.251,11229.553,3527.582,41406.908,1771.801,12697.948999999999,3204.779,17166.885000000002,8926.378,1696.221,142202.995,6000.818,2426.3149999999996
200909,24172.483,8956.968,1992.806,99030.302,16507.159,4540.396,44965.531,2574.703,21795.558,9174.71,27432.303999999996,10824.408000000001,1845.1019999999999,169905.617,13657.100999999999,1996.1689999999999
200908,30284.597,14204.515,2117.416,103217.40800000001,20158.717,5637.282999999999,50719.981,5918.93,21297.951,10760.723,37242.515,11327.825,2609.4269999999997,225568.981,18841.85,3051.036
200907,29700.871,15138.327000000001,1409.348,101317.822,21518.841,4097.449,49609.748,3387.583,19087.135000000002,7919.745000000001,37123.664000000004,10063.882,2365.95,224110.03100000002,13179.804,2390.765
200906,30285.059,15015.201000000001,936.8199999999999,95728.74399999999,22316.503,4700.823,45474.359,2537.13,23305.573,7026.478,34287.334,9120.311,3331.723,205736.717,9456.396999999999,2604.804
200905,20200.742000000002,6325.197999999999,627.556,87869.50600000001,14463.411,3345.4660000000003,38951.367999999995,1551.4170000000001,14419.243,3861.569,23765.704999999998,6604.677,2048.796,158365.1,5941.139999999999,2508.316
200904,19664.837,7012.073,270.639,72199.343,13445.562,3551.8600000000006,34241.97,1803.779,13079.261,3190.254,20392.293,5212.71,2202.926,123024.436,6496.627,2572.1620000000003
200903,21222.504,8356.783,861.499,65487.297,13497.833,3943.53,34441.373,2590.1259999999997,13865.797,4954.201999999999,25199.019,6258.239,2114.6929999999998,137043.831,8918.072,2619.833
200902,22209.21,8459.117,807.338,56964.907,14042.564,4314.477,31783.141,2133.728,13354.355000000001,4131.567,22539.161,3983.162,2433.174,109005.846,7812.588,2743.3810000000003
200901,20570.865,7386.52,1283.4070000000002,59897.348,12857.999,5257.222000000001,38180.885,3185.571,15044.147,4842.0740000000005,25136.544,4639.633,2739.8109999999997,131415.16400000002,10500.414,3402.2439999999997
200812,14405.654,6221.412,1193.211,52204.717000000004,8906.948,4474.424,37330.77,2137.889,10975.341999999999,4066.056,25528.631,4306.585,2627.834,127725.147,7040.8009999999995,3314.43
200811,19933.065,5762.758,1157.48,56308.172999999995,11545.369999999999,4006.011,36111.793,3369.9930000000004,12332.395,5499.285,20113.7,4980.791,2529.851,117689.70499999999,5403.481,2861.793
200810,17780.402,7533.639,812.989,73264.18400000001,12098.109,3472.2360000000003,41590.826,2011.448,14903.52,5349.133,25214.894,5003.31,2405.908,144588.419,6383.451,2733.0969999999998
200809,17807.473,5552.9619999999995,1678.575,84038.625,14750.167,4550.76,41574.214,3772.619,15133.615,6240.644,25758.994,5427.519,3207.697,147932.85400000002,10645.991999999998,2994.713
200808,26889.275,10622.804,2015.0829999999999,94355.174,18074.292999999998,5675.226,49792.65,2774.5150000000003,19712.151,9335.581,37020.314,7380.8330000000005,3279.431,216742.572,13362.309,3834.0550000000003
200807,27101.399999999998,12207.155,2708.5440000000003,86602.503,17810.117,5778.035,53988.706999999995,6145.394,22323.317,9239.456,36653.081,6683.618,3595.965,219906.99,17947.254,3931.3419999999996
200806,23812.393,10690.078,2235.379,86175.675,17480.042,5949.656,46281.439,4508.269,21294.986,10952.202000000001,31899.68,10021.121,3835.62,205022.03,14504.393,3794.396
200805,9688.849,6428.541,704.932,81717.65,7787.675,3407.706,44603.92,1803.9679999999998,11905.364000000001,3372.2520000000004,21784.789999999997,3805.559,2697.9980000000005,173096.601,2744.6180000000004,3192.943
200804,10405.222,3794.335,843.715,69245.851,7295.469,3377.5429999999997,33789.831,1566.2359999999999,9238.213000000002,2738.436,21861.501,3533.589,2393.125,143501.712,3866.5290000000005,2970.896
200803,13246.096,4761.62,829.235,63349.090000000004,7395.4310000000005,4457.074,37735.755000000005,2212.578,11954.453,3968.749,20021.124,3784.7039999999997,2534.974,146650.428,3717.192,3667.687
200802,14130.673999999999,6693.858,908.3399999999999,53672.051,8684.762,4875.852,33498.796,2098.307,12300.363,3602.901,20008.506999999998,2688.73,2648.8230000000003,129311.77299999999,6231.302,3721.5530000000003
200801,21413.266000000003,8269.803,844.538,56818.501000000004,13022.985,5767.807,41492.468,2296.059,19562.78,5337.184,25666.792,6192.776000000001,3973.6360000000004,150263.24099999998,7344.576999999999,4122.617
200712,16241.662,5123.738,1279.007,59549.491,10609.142,4476.48,37320.833,2255.585,11008.568,3948.381,22986.553,2602.902,3129.925,141831.645,8036.05,3940.376
200711,13932.156,4868.753,838.664,60103.551,8204.737000000001,3905.55,35429.27,1805.4540000000002,7592.764,3184.9500000000003,18652.959,1950.085,2701.502,136723.605,5912.408,3266.748
200710,19024.729,5238.027,1632.409,86759.174,12282.573,5074.809,45938.971999999994,3432.569,16868.321,5847.471,27618.515,5023.071,3300.218,165779.9,10828.972,3455.298
200709,21541.293,9181.886,2526.955,86418.803,17766.483,5823.9710000000005,45957.73,4586.495,24909.710000000003,8843.298999999999,29790.482,7025.148,3593.81,190464.198,12004.525,4013.48
200708,35840.876,15993.879,3993.848,96134.428,36488.855,11679.136,59870.047,8135.871999999999,35521.664,16601.535,44582.793999999994,16641.867,7047.040000000001,231264.748,21625.731,4958.643
200707,24081.973,11409.42,3271.6499999999996,91132.98599999999,18946.763,5152.129,48165.411,4633.937,20566.404000000002,8137.111000000001,33798.389,8276.865,3291.828,192836.687,15454.252999999999,4090.3450000000003
200706,22141.015,10798.745,2402.3720000000003,77760.51800000001,17837.971,5465.171,46105.204999999994,3302.1409999999996,18916.803,7280.589,27465.063,6455.662,2940.4190000000003,182874.498,10143.274,3707.66
200705,15741.225,7812.595,1704.811,71534.671,12535.150999999998,4532.808,41408.146,2174.951,17764.842,4686.323,24633.357,3797.696,3059.376,160687.834,5803.710999999999,3629.345
200704,18415.601,5634.843,1539.7089999999998,63464.489,10704.219000000001,4506.888000000001,37997.404,1675.4879999999998,12863.586,5349.960999999999,23968.222999999998,3286.002,2488.557,148772.301,5646.138999999999,3208.971
200703,13339.062,3919.7690000000002,1771.511,52083.727,8614.006000000001,4186.4310000000005,38025.399000000005,1948.54,10926.921,3687.2709999999997,18116.649,2139.671,2633.075,152591.851,6891.525000000001,3758.593
200702,19596.644,4307.233,1464.306,48786.468,9747.837,5172.609,33396.335999999996,3010.834,15804.632,4730.306,21155.367000000002,6215.828,3117.367,134373.77,8571.853,3933.12
200701,13307.92,3897.813,894.996,49315.532,9446.593,4400.344,38554.019,2075.053,10069.795,3949.9900000000002,23604.372,4977.246,3136.2149999999997,167400.842,6529.0560000000005,3552.068
200612,13192.64625,4649.25405,850.7906499999999,49428.33434,8141.61888,4324.508,37546.64547,2254.71398,9843.31096,3565.36115,20613.48057,3393.05861,3391.5205699999997,142520.51114000002,4097.15376,3394.09019
200611,12374.33969,3832.9705700000004,545.6388400000001,53257.240159999994,7410.190120000001,4007.70298,36246.80496,2009.24959,8064.879779999999,3491.54629,17018.16148,5105.55196,2867.8244299999997,131025.90146000001,4161.25487,3424.48225
200610,15467.38673,8372.98733,733.27027,72629.48838000001,10734.12284,3885.65102,41619.77625,2267.91923,12839.64474,3464.9877500000002,23616.95684,5025.26329,2807.99575,163060.70603,4457.27253,3492.2072900000003
200609,16224.30229,9771.03262,815.58174,79939.75412000001,12074.56558,4076.60627,40871.46389,2203.46451,14058.75105,3845.83965,22596.56233,4427.371139999999,3053.62375,174887.1791,3830.81378,3377.57951
200608,31493.50993,13063.23823,1859.6295699999998,86053.81818999999,24740.828,7923.589120000001,55021.17593,6527.78759,27621.64793,12686.279,42648.30487,13457.821199999998,5084.19204,244860.2615,18780.38319,4750.3866
200607,30301.75947,12574.631730000001,2412.8828599999997,85397.91612,23479.761580000002,7635.08537,52560.8541,7168.256560000001,24471.001399999997,11022.75821,39202.9052,12175.1502,5448.80396,226048.47436,19303.02707,4812.749690000001
200606,23969.62133,11933.76599,1504.0024,83277.67847,16363.145370000002,5380.20899,44399.48897,3557.66925,20296.79498,5841.726199999999,31831.04926,7099.25728,3611.1185299999997,205676.93512,9999.31089,3663.5369499999997
200605,16441.41775,9591.479379999999,700.63025,79559.49584,11256.26246,4759.37399,41361.535319999995,2130.55877,12316.84398,4415.53223,30538.80443,4007.18115,2854.6952100000003,182303.78432,4074.3573399999996,3650.27323
200604,13363.9655,7108.710050000001,423.77908,67070.19185,10139.21941,3359.38778,38387.99743,1839.5608,10938.7196,3487.31008,27513.695659999998,3563.64703,2926.35483,156979.15497,3260.89758,3072.4942499999997
200603,12170.729309999999,4377.082399999999,1030.02999,60159.54316,7604.508159999999,4194.83693,35817.59475,2268.8165799999997,8175.816,4384.17813,20924.02555,3424.6664499999997,2775.4803500000003,141464.00858999998,4953.44293,3868.2130300000003
200602,9464.37154,4125.05511,618.926,48053.77143,7851.27204,4159.57571,31241.607359999998,2209.34674,6543.88984,3034.95891,21223.73762,3212.4540399999996,2651.43987,128034.47461,5403.8913299999995,3745.48102
200601,8439.7803,3467.44764,714.0444399999999,46185.80275,5156.05385,4353.57689,32988.27497,2293.93559,3614.0768199999998,2918.7206100000003,15315.117409999999,2244.93174,2723.09384,125085.39934999999,2918.15688,3738.45907
200512,14734.15696,4509.02755,836.4839099999999,41773.98749,10064.5818,5183.23423,42203.693439999995,3176.8176599999997,10190.85282,4326.38158,20213.29377,3528.92096,3004.86977,144692.45828000002,8306.04466,4018.49918
200511,10929.44113,4775.977919999999,763.56916,51535.214199999995,6719.2629799999995,4081.86583,32166.517630000002,2188.5322699999997,8246.97943,2809.77713,15767.23282,1621.9410900000003,2493.37132,136103.50460000001,4303.71886,3650.3068399999997
200510,10289.996299999999,5071.004800000001,1262.86787,61815.58914,8704.57128,3904.8455,35827.62985,3662.5314399999997,8775.23799,3529.86802,19492.24545,2102.73517,2587.9106199999997,160707.43717999998,6269.383959999999,3579.7251400000005
200509,14630.27415,6112.34319,1672.59437,68525.87174,15661.94714,5813.33906,46835.49673,4091.64143,16058.634380000001,6217.82888,30438.66783,6099.21638,3221.92752,194473.07455,12561.34565,3900.3244999999997
200508,23296.25196,10327.68828,2849.4229299999997,84863.78093,19791.1709,7640.49567,54695.95798,7198.16596,25287.664090000002,10150.81547,38528.52573,12809.08852,5771.88487,232281.98835,20806.729760000002,4941.2874600000005
200507,21597.0781,9900.77558,2488.34078,90593.18135,18384.9023,6919.84793,56636.00015,5694.658589999999,21839.79205,9692.366109999999,37628.45986,10698.75217,3875.55394,227745.43768,18408.07666,4419.9335
200506,17022.13966,7966.90524,1899.8107499999999,67295.35130000001,12778.51184,7157.93146,54417.49597,4950.03584,16364.74856,5269.25858,32488.93749,5829.44413,3128.7853800000003,208604.14667,12260.51667,3989.16946
200505,11337.24106,5894.4313600000005,570.1134,59987.10019999999,7236.38517,4770.91533,51816.95543,1765.7892000000002,12090.31503,3220.3119899999997,21867.59282,4146.1669600000005,2801.23501,162491.39063,3943.69146,3441.49459
200504,8457.67592,3887.4222,425.80544,48295.23474,4605.14567,3840.52005,43119.67014,1668.7684399999998,7925.37349,3920.0785,16567.11389,3145.88789,2543.1137799999997,149210.51171999998,6422.89533,3279.1070499999996
200503,11683.28118,4211.59547,1217.6394500000001,53069.60627,5969.34302,4164.5966,43327.80961,2112.06021,11217.76325,4729.8196800000005,16737.28144,4508.74355,2596.79239,139122.86235,7498.64629,3933.90009
200502,9212.172419999999,3552.34629,1203.17085,41607.03466,4802.14222,3561.78016,37563.53068,1970.6813700000002,7100.56872,3095.64624,12648.01915,3113.2882,2545.3387599999996,126406.95,7156.9727299999995,3676.5681
200501,11935.37202,4229.07521,1993.76717,51243.65567,7235.92472,4679.63522,43063.89299,2861.91975,8438.147229999999,4711.61626,14337.17054,5073.4460500000005,2804.85288,141709.31537,8144.51796,4286.60056
200412,12378.80999,4031.54659,2579.40078,47621.14332,5548.45369,4640.13653,43395.36731,2305.44272,7103.88984,3873.49816,13185.95902,4354.55848,2901.97852,145930.48164,5106.378919999999,4407.88529
200411,10312.143329999999,3572.0554999999995,1053.2482,46735.25463,4088.50461,3263.3985299999995,41455.68285999999,1671.8731200000002,5036.56755,2663.67338,11154.191700000001,2396.81217,2393.8313500000004,136123.41821,4332.504080000001,3674.52948
200410,13070.118470000001,5847.38912,622.4708,66138.85403,5311.42786,3220.98775,46314.17675,1563.76992,11056.475550000001,2845.60922,18675.501220000002,2694.71938,2676.5733800000003,171500.06722,3077.17032,3407.2988300000006
200409,15018.01125,4803.39493,1539.54112,70914.57691,7795.26289,3619.8652500000003,48763.55223,2544.3222299999998,10889.73637,4068.5906800000002,25382.7412,4541.76247,2581.9756799999996,182156.84124,6981.00844,3567.15215
200408,20268.16349,7357.43574,1305.65569,70917.5512,11704.69233,4422.92046,54321.115280000005,3409.4705400000003,14491.60951,6527.98062,27731.68952,6904.4916,2920.49447,209559.20111,10460.722600000001,4190.97331
200407,23589.99161,7751.8832600000005,1463.1899,73336.32174,12592.04927,4556.91585,51505.86295,3082.1754,15951.67763,7009.94633,29170.65248,6218.244500000001,3095.01599,213615.05171,10300.47224,4203.48467
200406,17231.5071,7271.02319,1434.2855,70363.39915,10263.1466,4488.13802,46756.07306,3329.1904999999997,13659.374950000001,5689.03594,21977.69757,4475.86989,2846.98967,186795.8738,7974.23573,3916.6000499999996
200405,15791.21939,6237.61536,2238.39781,59661.81168,10961.30853,4258.69737,45276.73281,3762.9093199999998,15605.32469,7593.57003,22914.1349,5494.42702,3267.84007,167657.90233,11153.700400000002,3597.60398
200404,13355.07745,3777.72089,1318.11498,48086.66068,8566.518230000001,3779.0773999999997,39699.99877,2353.70194,8889.17432,2733.85535,19076.1948,2305.09206,2519.28344,148935.68321000002,5137.96041,3687.93314
200403,13574.715329999999,4947.80963,1395.36065,44898.87248,5482.329229999999,3768.1871499999997,45496.57118,2042.5403999999999,8099.81461,3022.16946,16257.150329999999,1984.6588900000002,2466.78325,145301.5722,4304.92447,3972.60655
200402,13465.29676,5157.6479,1421.39465,41954.46263,5572.99459,3834.11892,43395.01687000001,2109.82231,9428.58036,3925.35485,16558.7341,3659.8548699999997,2607.4016300000003,138826.26699,7383.26468,4274.33897
200401,14843.392469999999,4658.6769300000005,2327.40172,42570.597499999996,5398.8625600000005,4474.0147400000005,45125.205709999995,3073.35668,8262.11687,4991.25844,14508.71299,3943.28998,3388.4321099999997,139633.47425,7774.4718,4481.3876
200312,11481.531,4146.585,822.034,44433.767,4677.383,4551.656,36551.659999999996,2223.911,8139.836,3761.2780000000002,14840.646,2022.479,3069.592,136153.564,5623.876,3933.839
200311,8799.862000000001,5292.856,792.8820000000001,51592.058,3612.85,3506.563,37255.366,1884.124,7782.487,2796.4419999999996,10914.844000000001,1652.781,2614.0660000000003,134473.432,5534.457,3591.4280000000003
200310,8166.88,5847.429,1269.578,57350.549,4449.203,3450.65,44262.904,1587.734,6663.907999999999,2470.138,16348.098000000002,1648.393,2618.4429999999998,149259.119,3876.702,3549.1719999999996
200309,12773.690999999999,7125.5380000000005,1604.187,61471.327,6425.085,3618.903,45929.447,2066.785,9918.466999999999,4242.807,19101.855,2073.759,2920.1100000000006,166147.223,4705.432,3652.506
200308,23474.105,10936.271,2772.732,61068.711,12882.469000000001,5208.942,56018.704999999994,3857.226,13145.383,7058.790999999999,37026.863999999994,5813.398,4324.460999999999,232932.448,10521.780999999999,4708.4580000000005
200307,19137.762,10816.413,2919.392,63562.542,10104.134,4627.549,54540.015,3778.837,11139.266,6638.37,35503.484000000004,4256.5650000000005,3236.249,219836.419,8655.675,4038.933
200306,14631.805,8699.552,1347.211,57145.593,6768.708,3929.217,49488.523,3092.288,9740.45,3382.5580000000004,22364.049000000003,2829.673,2689.087,189407.56399999998,5216.191,3777.0340000000006
200305,9692.09,6766.883,715.22,60237.212,6166.611000000001,3812.482,46917.251000000004,1481.345,11177.873000000001,2985.9990000000003,17728.27,1995.3600000000001,2103.453,187186.062,4130.127,3652.5789999999997
200304,10707.438,4609.041,1324.589,46086.484,7392.712,3613.044,45487.146,2361.511,10028.127,2701.203,15290.06,2063.501,3016.014,143243.98799999998,5186.755999999999,3513.3080000000004
200303,9134.286,3928.602,1850.0520000000001,49520.187999999995,4416.567,3808.7169999999996,42258.92,2270.2859999999996,7986.138000000001,3203.848,13056.52,1559.071,2836.244,146196.377,5058.352000000001,3633.3729999999996
200302,10458.592,4848.801,1127.565,34168.351,4015.5519999999997,4099.522,40983.372,2746.4610000000002,8263.792,3978.151,14488.13,1886.3380000000002,2891.8019999999997,142505.254,3955.7380000000003,3928.648
200301,15509.816,4613.748,1266.786,46143.32,7124.58,5181.976,49417.219000000005,3359.2259999999997,12164.957,4898.968000000001,14939.326,2585.938,4531.3279999999995,155895.437,7415.477,4127.58
200212,12503.648000000001,3187.5190000000002,648.542,37733.783,5481.325,3828.216,37826.479,2850.459,9089.135999999999,4175.617,10974.47,1653.952,2977.4429999999998,145741.68399999998,5919.382,3969.3949999999995
200211,12264.693,3342.373,502.245,41707.805,4709.150000000001,3150.7940000000003,36072.702,2221.8360000000002,7729.652,3014.092,10013.925,1570.9769999999999,2578.581,150543.62900000002,3645.514,3692.1020000000003
200210,14207.283,5473.058999999999,1602.103,61824.757,8860.714,3322.568,44365.371,2446.1259999999997,10063.882,4776.04,14702.268,2548.542,2723.589,168867.104,4905.581,3724.5860000000002
200209,18748.498,7113.679,2224.331,63580.365999999995,12544.348,4762.61,52675.584,4435.561,16458.35,6220.421,24252.435,4331.541,2839.7239999999997,196850.029,7562.853,3241.2749999999996
200208,23208.85,8871.763,3364.212,68261.265,16725.69,6033.855,61080.334,8474.709,21268.428,10260.998,32895.676,8196.078,3853.522,242302.747,11529.336000000001,4507.077
200207,22404.607,10740.672,6020.054,64537.223,18103.766,8775.733,62830.728,6368.326999999999,24824.844,10123.328,29360.042,8723.085,3825.161,234526.25100000002,11285.734,4228.657
200206,19231.582000000002,7320.933,1692.3850000000002,59288.146,11855.288,6063.795,54740.022,3737.154,19420.657,6881.878000000001,22473.826999999997,6419.214,3297.7450000000003,206247.40600000002,7256.258,3630.4359999999997
200205,13792.04,4594.174,1243.165,54314.460999999996,7520.069,4078.4950000000003,50280.514,2057.212,14604.641,3929.0370000000003,16862.405,6056.071,2954.536,175236.895,4808.566,3428.295
200204,12699.123,5085.9580000000005,2005.3870000000002,50247.486,7208.8369999999995,3968.455,45206.776,2565.089,15198.49,4237.508,19118.325,4202.352,3108.016,162128.967,6370.987999999999,3440.33
200203,11958.206,3773.758,1626.69,43576.102,5301.849,4583.309,47960.136,2070.332,14025.307999999999,4377.927,17018.019,2660.381,3081.32,153163.686,4412.159,3909.235
200202,13287.822,4001.3320000000003,1926.5919999999999,33039.282999999996,4324.099999999999,3880.384,39928.308,1376.012,13496.658000000001,3979.09,17066.209,3347.1370000000006,2748.8940000000002,136762.872,4173.897999999999,3699.331
200201,14983.223000000002,4175.034000000001,1025.324,41918.693,5875.861,4189.302,43277.206,1596.645,13337.036,3592.165,14201.935000000001,4414.607,2990.563,155672.579,5513.982,3966.785
200112,13519.21,4036.112,666.3,40704.05499999999,4709.7880000000005,4074.7920000000004,35355.409999999996,1849.6699999999998,16972.607,2976.549,13332.673,1796.104,2844.759,147146.91499999998,4502.632,3374.5860000000002
200111,13351.079999999998,3966.1620000000003,1385.991,35591.624,4062.3509999999997,3251.028,32676.273999999998,1808.8200000000002,14946.732,2599.1269999999995,13169.025,1553.2060000000001,2667.068,144983.834,5191.885,2687.56
200110,14700.123,4883.787,2840.321,48915.967000000004,6107.597,3723.772,43279.817,3003.19,21320.109,3543.482,16792.347999999998,2535.865,2612.7799999999997,170422.25400000002,6311.594,2879.105
200109,13989.565999999999,4815.299,3188.881,51891.75,8629.883,4242.589,48199.106999999996,3729.58,21090.317,3908.0510000000004,20462.445,2042.0610000000001,2971.0389999999998,189790.241,8044.618,3061.8460000000005
200108,17151.961,6540.198,3496.146,54237.256,14427.386,5583.759,63346.096,6640.8099999999995,25028.031000000003,9510.039,29272.33,4773.059,4449.929,247078.403,10498.075,5208.401
200107,15617.288999999999,5777.777999999999,1954.0990000000002,51099.649999999994,12885.176,5247.2,56379.549000000006,4340.14,24422.798000000003,6865.743,32559.878,3529.246,4489.234,245462.592,7566.942000000001,4532.102000000001
200106,13860.476999999999,3206.775,1794.52,46282.941,8954.784,4185.477,45299.657999999996,3108.06,13573.875,5241.342000000001,19436.805999999997,2920.609,3284.187,201243.72199999998,5953.525,3538.6369999999997
200105,11180.899,3349.969,1457.796,38958.094,6940.115,3762.419,43693.225,2557.79,13392.046,3144.9170000000004,15167.748,1678.139,3158.746,182372.032,3173.858,3382.9579999999996
200104,10217.01,4450.164,659.082,35635.717,6921.109,3535.785,44393.134999999995,2342.777,12470.319,3093.828,12763.889,1483.884,2907.2389999999996,162152.715,4104.025,3146.798
200103,10774.57,3033.917,1793.2939999999999,29799.856,4804.41,3963.4410000000003,37425.292,2990.707,7152.8099999999995,3137.286,11946.507,1724.5720000000001,2683.076,152671.703,3911.453,3372.222
200102,9004.843,2188.974,575.398,22370.149,4230.73,3584.36,34435.560999999994,2138.239,4432.1,2550.318,9637.21,1570.2870000000003,2478.053,134099.44,3246.3590000000004,3586.181
200101,11217.686,4426.487,628.7819999999999,28758.375999999997,5403.882,3839.754,39067.657,2363.8019999999997,7043.2300000000005,3300.1150000000002,12805.292000000001,1992.2870000000003,3634.208,157606.38199999998,4989.8150000000005,4124.826
