,IL,IN,IA,KS,MI,MN,ND,OH,SD,WI
202111,22985.167,23288.11442,5955.485000000001,2737.654,25617.652000000002,9943.931,3013.267,37575.664000000004,1302.634,15097.560000000001
202110,23414.102,22044.56118,6263.549,3060.27,25588.252,10811.205,2694.983,37892.556000000004,1287.216,16716.868
202109,21251.737,21200.40793,6018.629999999999,3303.476,23945.902,8452.992,2989.4449999999997,31101.123,1042.845,14551.503
202108,35580.38,28391.11465,8632.309000000001,4844.09,33072.199,12325.965999999999,3609.3849999999998,39722.621,1918.871,20767.242000000002
202107,29058.432999999997,26087.12079,9183.135,5068.280000000001,31060.231,12488.537,3672.621,36589.247,1943.1490000000001,20716.034
202106,25541.333000000002,23882.392809999998,8005.123,4416.889,28189.948,10284.208999999999,3201.6549999999997,32864.357,1547.527,18864.127
202105,15700.23,18617.38379,3564.188,2502.419,20010.615,5713.961,2317.574,31818.579,761.681,12550.277
202104,15414.139,18548.22308,4061.434,3459.266,22380.875,5629.808,2825.496,27363.52,855.019,14208.062
202103,15099.731,19666.71794,3371.615,3196.795,19645.737,5913.72,3188.673,33489.768000000004,76.007,14479.907
202102,18699.854,23821.55113,4136.239,3140.136,28399.457,7546.0740000000005,3165.27,32556.91,932.838,14088.257
202101,18002.022,25443.963669999997,5017.859,2594.5,25915.679,8301.42,3523.035,37567.112,647.199,17235.556
202012,19875.74,25505.73905,6858.389,3429.5240000000003,27367.092999999997,9080.038,3477.94413,37875.935,603.187,14989.692
202011,10464.659,19520.927920000002,4471.064,2679.924,22558.922,6379.93,3003.505,31810.524,413.93100000000004,11958.4
202010,18559.746,22132.44274,5046.681,4736.264,31889.555,7802.701,3089.525,24980.787,442.839,15909.491
202009,17226.039,21939.17484,4973.67,2810.76,25889.418,5829.827,2922.5240000000003,33188.072,607.398,13625.868
202008,27988.989999999998,27780.785,6819.6669999999995,4282.546,32559.232,9236.195,3660.352,37860.804000000004,1422.2589999999998,20509.178
202007,40327.305,30730.366,10277.984,4953.3060000000005,41022.674,12350.887,4005.946,39229.806000000004,1697.711,18344.652000000002
202006,27056.266,28100.606,6505.696,3455.142,30116.877,8921.062000000002,3176.733,32012.577,1009.507,17427.093
202005,16411.668999999998,24030.54183,5291.858,1882.738,25294.489999999998,5986.794000000001,2611.1929999999998,29901.165,588.915,14870.463000000002
202004,18164.699,22755.01693,4054.7000000000003,2490.8810000000003,38545.191,7240.040999999999,2854.895,31100.318,820.404,14896.406
202003,24196.962,23973.939489999997,4013.913,3738.873,44828.366,8449.179,3099.763,36509.487,1165.615,17692.89
202002,23701.694,24912.87015,7053.053,3114.776,48171.530999999995,8745.726,3397.988,35733.995,960.78,16709.015
202001,26574.512,27121.83718,6402.78,3036.214,54959.076,11783.179,3656.312,39036.618,1179.804,18523.192
201912,19365.847,27206.05276,6391.367,2972.645,28282.78,9869.612000000001,3604.379,35485.933,1041.395,16794.131
201911,15116.792,26147.020289999997,5840.026,2913.416,26640.126,7634.158,3073.5550000000003,27547.182,722.76,14550.696
201910,16017.15,24888.01515,5422.975,4213.442,29853.677,8722.283,2802.313,29165.018,604.632,15819.636999999999
201909,17775.284,25477.886309999998,7223.549,4192.391,26727.305999999997,9008.287,3134.489,33413.914,721.796,15017.034
201908,25052.972,26990.07427,9549.126,5219.772,34642.221,11528.132,3987.497,37636.404,1250.086,17659.447
201907,30684.404000000002,28366.36603,9543.328,5070.049,35216.167,11755.562,3789.3909999999996,37881.8,1301.02,17899.271999999997
201906,18263.913,23562.09731,6798.5,4416.63,25160.608,9347.846,3030.536,34042.591,1170.557,14893.044
201905,14250.087000000001,21462.846960000003,5159.362,4389.273,24439.414,6975.006,2584.1530000000002,29488.089,1024.022,12215.688999999998
201904,16532.179,20721.1101,4112.803,2278.011,25390.568,8128.579,2441.9371499999997,30306.243000000002,843.1089999999999,14810.939999999999
201903,15242.513,25320.030939999997,6125.223,2634.7509999999997,25450.797000000002,7777.688,3096.23127,34997.346,1186.253,15126.579
201902,13818.075,24929.40676,6117.095,3097.734,23796.285,8511.152,2997.48803,34953.515,1112.856,14340.971
201901,16045.51,26801.00308,6458.89,3101.192,27333.375,6498.994000000001,3112.2528,33951.125,793.9929999999999,15558.1
201812,11390.86,23286.6944,6095.476000000001,2904.243,22331.025999999998,4972.496,2740.5550000000003,34266.568,711.0129999999999,14372.132
201811,14143.339,22762.53913,4936.844,2885.0339999999997,20565.892000000003,5582.039,2599.193,31909.726,839.719,11588.622000000001
201810,13319.840999999999,20061.61103,5732.086,3303.89,23072.336000000003,4716.233,2533.5205100000003,31025.099000000002,352.279,13596.155
201809,19880.087,21712.734089999998,7617.698,3296.1629999999996,25288.266,7770.397999999999,2915.741,30181.399999999998,611.65,14723.682
201808,23304.713,25482.654950000004,7971.13,4077.413,29094.056,10213.884999999998,3284.415,35074.154,1154.512,18793.722999999998
201807,24294.032,26978.93782,9186.035,5126.779,28522.04,10989.01707,3575.723,32463.731,1569.145,18408.975
201806,18753.498,24683.26537,6979.437,4853.615,25040.141,8099.67548,2965.1620000000003,28044.173,1129.43,13810.353000000001
201805,17282.566,24464.51832,7294.268,6303.105,29308.742,7758.65771,2702.5299999999997,26115.509000000002,1517.901,10962.844
201804,10007.855,20783.966709999997,6231.307,4365.695,27627.431,6482.76812,2796.759,26318.232,695.2270000000001,9108.798999999999
201803,15770.044,20758.315189999998,5246.518,3251.2760000000003,29948.594999999998,6930.2665,2889.4107599999998,28458.475,548.044,14777.767
201802,11225.269999999999,19201.89298,4999.648999999999,2990.318,23232.836,6059.8328599999995,2580.25338,27160.17,846.625,14544.546
201801,15919.782000000001,24639.57501,5561.138,3281.169,28449.650999999998,6318.05263,2891.55703,31239.313,636.9490000000001,14707.372
201712,16023.137999999999,23572.84294,6059.3279999999995,3240.4849999999997,25384.916999999998,6967.77436,2816.07953,28492.449,648.331,14712.146999999999
201711,10979.922,17012.59878,5451.2300000000005,2910.727,20850.360999999997,5387.2943,2611.434,24357.109,590.33,12463.395
201710,15990.79,16221.126339999999,4722.191,3236.0649999999996,23141.66,4266.4215699999995,2479.70223,18371.918,409.18399999999997,13106.657
201709,18626.047,16947.02712,6356.900000000001,3038.0519999999997,22089.557,4777.1419000000005,2705.302,20015.345999999998,520.473,13278.147
201708,19594.766,17540.19936,6960.399,3707.071,24611.728,5915.09007,2827.22291,23291.7,740.355,14953.902
201707,28517.1,19190.65803,7479.932,5443.863,27589.148,9130.05249,3163.0859200000004,23702.924,1175.073,16687.556
201706,20898.971,15568.1402,4513.592000000001,4098.563,23309.327999999998,6608.41201,2442.64339,19721.46212,802.206,11337.2
201705,13067.866,11151.4076,3813.63,2383.5389999999998,21497.478000000003,5082.98125,2181.65154,17972.0975,523.578,7186.548
201704,14084.731,13440.59722,3417.0829999999996,2253.7529999999997,18626.495000000003,5785.97983,2159.43395,15487.63619,379.15000000000003,7241.323
201703,16180.198,18369.34283,2691.2929999999997,2567.493,25212.129,6980.784170000001,2494.8689999999997,19716.62254,518.841,13077.123
201702,12121.718,14982.654550000001,2104.032,1918.997,17013.008,3775.28434,2341.83319,18507.14423,318.87,10297.315999999999
201701,13175.173999999999,17552.68748,3219.2780000000002,2741.477,20732.479000000003,6533.327520000001,2451.97575,19668.167419999998,456.739,11329.306
201612,13392.661,21165.544869999998,3057.008,2847.245,20253.305999999997,5158.88739,2384.92918,19729.97784,404.64699999999993,9837.189999999999
201611,11755.481,19861.355,2393.017,2726.938,21516.626,5134.25727,3099.277,18566.394500000002,735.356,9213.984
201610,16274.823,17678.504,3323.786,2578.391,21167.375,5007.67008,3855.673,17372.58342,519.41,7622.812
201609,17695.654,18159.25962,3459.8590000000004,4626.625,22030.39,5011.15802,2789.0389999999998,21731.89761,640.357,10728.999
201608,25513.053,22967.173339999998,6193.201999999999,5118.8330000000005,35546.484,12370.77181,3782.881,27088.03204,1018.048,17930.167
201607,29164.505,22708.770220000002,5591.641,5111.447,30635.781,10527.071769999999,3897.609,26323.94334,999.123,16898.795000000002
201606,18436.282,20628.862970000002,4459.113,5328.171,26187.610999999997,7978.057000000001,3217.8379999999997,20802.43576,876.319,14626.917000000001
201605,13249.29,19627.45177,3675.477,3243.8779999999997,26846.528,7867.626609999999,2137.9919999999997,13698.1588,666.5,12258.588
201604,13725.369,14613.721549999998,1843.7749999999999,2048.691,27040.549,7633.49788,1503.808,19152.848420000002,747.3720000000001,11957.33
201603,16052.568000000001,19962.23932,2846.511,1916.299,23188.561999999998,7106.6229,2298.133,20434.950500000003,719.34,15935.699999999999
201602,13107.364,18013.24032,3220.699,1719.6910000000003,21241.174,7455.395869999999,2782.227,22380.604880000003,794.618,13014.682
201601,13542.462,20708.46459,3916.031,2169.187,21368.228000000003,8054.61492,2660.237,23509.7435,703.522,13506.916
201512,12614.629,18518.096410000002,3470.6270000000004,1779.24,20883.797000000002,7936.49892,2192.10684,19345.6185,753.549,12791.257000000001
201511,11871.534,16305.749,1854.9209999999998,1610.283,18695.256999999998,4797.29329,1960.05915,17920.20615,588.29,10158.734
201510,11261.891,13628.01817,2487.332,1839.7780000000002,19622.793999999998,4859.90646,2317.46254,16349.027689999999,426.06500000000005,10194.815999999999
201509,13992.687,12961.05977,3410.864,3214.022,18364.239,7971.796780000001,3163.632,20963.99373,464.548,11850.367
201508,13386.355000000001,16126.056059999999,4354.45,4038.781,18751.742000000002,8047.55149,3366.42244,22788.836799999997,951.971,11779.833999999999
201507,17031.877,16155.82983,5436.7880000000005,5592.709,21672.345999999998,9240.27849,3509.4749999999995,23465.84076,1040.176,14138.412999999999
201506,12391.407,14638.253130000001,3982.353,3668.2529999999997,18105.126,6438.37206,2390.706,21008.44715,663.935,10786.811
201505,9023.801,14129.10953,2921.058,2590.615,16592.357,3901.6396799999998,1898.59,17283.7125,539.078,9536.037
201504,9519.015,13833.64684,2373.29,2555.907,14381.280999999999,5858.2662,2867.0879999999997,15497.37454,301.358,8811.918
201503,10907.777000000002,18662.78404,3599.557,2742.9139999999998,19149.416,6650.1851799999995,2218.90419,23417.0743,91.083,11439.184
201502,11113.146,19775.02844,3643.7129999999997,2424.026,19346.182999999997,5685.78218,2653.47775,23471.27415,646.974,11438.081
201501,11737.166000000001,17955.6019,3472.383,2052.894,18847.283,4923.49587,2199.4979999999996,23148.91642,689.0989999999999,10862.58
201412,9572.233,12950.343789999999,3710.678,2681.893,14278.453000000001,5923.2078,2272.99986,20507.48115,846.047,7843.313
201411,8852.017,13869.84138,2639.357,3078.337,11647.706999999999,4279.073170000001,2306.661,14896.561839999998,500.664,8233.209
201410,9757.916000000001,11708.01986,3134.028,2691.83,13002.144,6298.30012,2278.0679999999998,12059.39819,323.029,9706.834
201409,9132.574,9648.913199999999,2732.978,3056.542,12455.232,3130.2736,1948.2920000000001,19990.89634,155.269,6822.923
201408,12890.408,12219.08054,4336.656,4858.955,14964.889,5207.37354,2401.62,22911.626650000002,843.1220000000001,8791.548
201407,9273.433,11437.50562,3160.531,4577.393,10956.174,3772.57884,2309.536,20091.9853,931.562,6957.182000000001
201406,10512.839,10927.92947,3029.304,3885.685,13762.358,4536.35241,1855.4730000000002,18740.586949999997,241.55,7191.026
201405,10315.99,11261.50443,3040.5640000000003,4418.134,13167.333,5421.61171,1736.7150000000001,16768.46457,437.58400000000006,8087.998
201404,6827.039000000001,9188.91268,1960.101,3083.209,11916.545000000002,2698.78744,1821.607,14570.00546,363.214,5962.784000000001
201403,7838.201000000001,13716.806499999999,2214.212,2462.721,13885.509,3516.75944,2137.04,19872.308539999998,234.827,5985.806
201402,6981.865,14493.73861,2625.5829999999996,3340.523,16590.469,3854.02819,2184.667,17499.88623,311.317,6808.68554
201401,12859.573,17725.54554,3066.516,3752.7969999999996,20438.919,5542.8383300000005,2468.9010000000003,20207.37646,480.819,11661.493
201312,9262.444,12756.382450000001,3660.3360000000002,3205.8720000000003,14037.896,7200.962240000001,2289.0099999999998,17794.91523,1131.736,7538.948999999999
201311,8155.655000000001,11502.12536,2659.8639999999996,2626.389,11991.75,5438.13438,1964.357,17219.04246,620.847,6748.396
201310,7489.525,11428.176210000001,2252.317,3181.301,12033.244,4430.75441,1913.799,17482.70842,372.029,7253.291
201309,10728.645,10838.97747,3680.955,4883.5,11434.859,6356.188,1777.031,12302.14515,542.851,7311.4220000000005
201308,13685.219000000001,13976.07677,4678.186,5257.372,16214.528,7558.15668,2293.756,19794.12846,1014.43,10401.641
201307,17421.343,14833.04505,4989.98,5627.474,18483.845,7996.31089,2268.5930000000003,21833.810110000002,943.3489999999999,10476.113
201306,9274.225,10728.40598,3076.018,5358.402,13001.861,4507.84705,1824.648,17183.26454,165.767,7423.504000000001
201305,9150.955,11133.77,2785.0339999999997,4172.626,16575.805,5079.562250000001,1718.1529999999998,17641.41346,95.575,5708.683
201304,10341.241,9961.958,2253.7560000000003,3114.547,13801.599,6372.49248,1684.3670000000002,13195.270919999999,282.98199999999997,8201.465
201303,12180.51,11241.153999999999,2738.8779999999997,3782.124,14018.721,6199.8878,2267.551,17491.50888,183.701,8831.84
201302,9019.913,11325.109,2892.2039999999997,3548.306,10598.041,4770.50731,2018.4669999999999,18085.28607,165.026,7310.572
201301,9204.607,13450.663,2954.609,2533.743,12129.632,6285.55247,1962.74,17789.22958,421.16200000000003,8409.512
201212,8553.119999999999,12135.508999999998,3444.8489999999997,2325.181,9715.471000000001,6927.748,2098.153,16690.971270000002,368.52,7118.459999999999
201211,9369.339,12228.153999999999,3196.455,2404.693,12700.565999999999,4825.016,1993.9669999999999,14024.30627,171.01399999999998,7570.158
201210,7909.835,13092.367999999999,2637.486,2476.548,12033.396,3637.995,1867.7900000000002,15464.94531,258.721,4790.694
201209,11811.811,11676.046,3004.406,4135.18,14909.204,4373.5199999999995,1805.986,16019.59765,234.839,6658.096
201208,16054.769,14848.962,4470.0599999999995,6829.772000000001,20112.941,7545.522999999999,2269.9219999999996,20336.13492,698.2479999999999,11076.508000000002
201207,29814.826,21231.629999999997,8628.658,10153.291000000001,35431.801,14602.431,2495.801,25668.52695,1474.559,20128.041
201206,18371.252,16121.762999999999,4765.779,6262.679,25184.423000000003,8703.630000000001,2053.721,20209.62907,369.50399999999996,12925.317000000001
201205,12377.232,15639.703000000001,3120.359,6196.408,23487.558999999997,7409.461,1858.917,18841.80902,254.231,11964.805
201204,13338.265,11851.611,2116.422,3736.5389999999998,24480.401,6047.646,1749.3129999999999,15217.544579999998,152.69400000000002,8597.434
201203,12209.765,15678.181,2452.4179999999997,3334.543,20110.097999999998,5256.513,2043.9540000000002,16859.34692,137.546,8075.3859999999995
201202,11981.742,15359.632000000001,2593.486,3075.84,17801.991,5401.0830000000005,2051.652,17825.47461,137.98600000000002,10052.773
201201,10710.349,16095.045999999998,2670.9629999999997,3560.4089999999997,17604.881,3744.743,2191.671,18993.169990000002,174.739,8216.572
201112,8056.747000000001,15564.815999999999,2331.997,2732.2200000000003,14180.826000000001,3939.6580000000004,2143.513,13691.56261,185.769,7293.232
201111,6842.012999999999,12475.19,2148.091,2468.858,12049.798,2567.944,1837.79,10037.34452,60.739,6078.81484
201110,7178.511,9822.785,2201.048,2570.317,10175.097,3165.6769999999997,1902.035,12331.07618,128.22199999999998,5902.7660000000005
201109,8210.461,9334.333999999999,2802.398,3350.6589999999997,8728.655999999999,3162.337,1748.2679999999998,10370.02992,138.86,3887.9300000000003
201108,14721.423999999999,14136.086,5242.89,7615.603,17321.111,6866.4,2111.2000000000003,15588.360610000002,520.983,8626.312
201107,22404.926,18249.16,6100.421,10169.622,25099.26,10208.574,2284.904,18137.01892,1171.928,11587.67
201106,11255.810000000001,11789.523,2907.713,7211.619,12383.14,3783.8230000000003,1717.379,11799.58196,198.282,6162.148000000001
201105,9990.842,10969.791,2170.624,3177.429,11448.272,2700.456,1540.039,11692.862,177.234,6442.764
201104,7727.1630000000005,11443.036,2374.233,2987.9620000000004,9462.892,3297.001,1636.829,8151.720310000001,168.55700000000002,4858.701
201103,8211.447,13768.771,2601.963,2843.69,11751.631,4197.8150000000005,2133.06,13701.14096,205.233,6763.70882
201102,7735.405000000001,11431.155999999999,2303.1169999999997,2820.1899999999996,10697.287,3530.192,2073.612,9312.51196,181.655,5190.2609999999995
201101,9318.522,14844.884,3019.4840000000004,2791.971,13793.943000000001,4822.04,2365.2749999999996,12125.83531,240.439,5688.079
201012,9377.34,14855.97,3424.953,2932.3289999999997,14599.385999999999,4126.705,2248.169,12381.318,201.924,4790.885
201011,6598.025000000001,10210.541000000001,2728.973,2288.866,9598.184000000001,3774.5740000000005,1864.062,9377.707,178.82000000000002,3469.656
201010,6519.052,9860.253,2477.9969999999994,2998.334,10264.726999999999,3910.091,1731.23,9731.425,290.75300000000004,3819.0950000000003
201009,8193.694,9710.899000000001,2654.772,3747.7870000000003,9645.818,3051.391,1777.072,8132.131,200.936,4521.808999999999
201008,20103.921000000002,15350.005,5812.621999999999,8200.505,22445.35,9441.773000000001,2336.296,16336.943,952.9730000000001,10895.464
201007,19279.549,15833.056,6106.758,7533.091,23003.255999999998,9011.973,2277.567,15130.436999999998,655.808,10527.471000000001
201006,11990.028999999999,11853.347,3695.6759999999995,5566.058,16656.572,5036.221,2074.059,10817.595000000001,359.339,6789.7880000000005
201005,8244.096000000001,9077.614000000001,2797.8179999999998,3163.514,12761.508,6020.158,1800.7859999999998,8289.219000000001,109.836,5309.665999999999
201004,6018.991,7455.942999999999,2350.643,2706.532,8631.313999999998,3155.012,1725.3200000000002,6217.148,187.867,3799.577
201003,7256.919,8859.294,2656.7470000000003,2807.607,8114.843,2849.489,2132.458,5798.82,209.453,5379.332
201002,7763.245999999999,9717.302,2908.926,2758.357,8304.493,4094.135,2128.214,5802.827,205.64700000000002,6826.523999999999
201001,9296.312,11045.27,3520.326,4266.79,11832.503,5074.521000000001,2385.117,7110.058,228.287,8102.271999999999
200912,7689.595000000001,10274.521,3478.611,4053.67,8926.082,5016.5689999999995,2340.747,5709.067000000001,234.258,6871.387000000001
200911,6508.143000000001,7247.899,2914.976,3458.308,8432.981,3140.508,2236.775,6751.2210000000005,283.673,5433.419
200910,6800.465,7513.753,2643.9799999999996,3519.609,11545.937,3980.332,1969.598,6849.005,256.034,5515.472
200909,9152.716,8983.192,3119.647,3429.699,12218.73,5096.945,1892.211,10633.49,197.562,6313.84
200908,12066.859,11067.339,3911.6620000000003,7465.399,15155.368,4417.541,2285.346,10901.337,354.416,6910.342000000001
200907,9215.726999999999,8984.721000000001,4134.297,7033.36,9109.788,3245.277,2223.22,7540.942999999999,175.555,4404.634
200906,11457.123,8765.417000000001,3179.575,6566.939,10781.061,4478.323,2179.7999999999997,7601.629999999999,473.245,6383.895
200905,7757.067,7898.138000000001,2580.207,3412.4880000000003,7128.5779999999995,3032.322,1992.304,6351.32,204.962,4413.253000000001
200904,8160.338,6619.591,2391.235,3152.669,8184.566,3252.135,2006.672,6802.07,197.761,6111.468000000001
200903,8094.226000000001,9421.366,3307.284,3796.585,10631.560000000001,3504.3379999999997,2280.082,7163.919,208.875,5690.687
200902,7799.864,9975.815999999999,3177.876,3038.822,10159.193,3678.871,2164.127,6803.397999999999,201.861,5839.19
200901,10746.757000000001,11595.366,3840.9700000000003,3981.505,13077.698,5000.989,2382.667,8559.103000000001,259.865,7629.812
200812,9502.942,10105.071,4601.218,4361.873,10559.27,6367.859,2317.721,7214.243,365.197,5903.0560000000005
200811,7493.758,8593.324,3596.799,3867.239,8437.757000000001,3686.978,2268.2460000000005,6151.928000000001,256.178,4341.75
200810,7417.257,8247.321,3522.49,3401.756,7790.927,2921.7129999999997,2114.4990000000003,5224.424999999999,213.489,6890.673
200809,8952.444,8673.093,2788.218,3587.189,9937.389,3411.004,2092.386,6704.661,314.499,5139.438
200808,11659.255000000001,10953.940999999999,4329.477,6291.068,14963.01,4585.3240000000005,2359.9350000000004,9286.899,1044.646,7287.573
200807,15096.634,12509.177,4576.401,7056.693,16281.710000000001,5388.405,2311.191,10685.555,1254.342,7910.692999999999
200806,11153.943,10150.767,3556.0370000000003,4557.036,13924.225,3349.931,1918.727,8728.32,438.272,5195.6669999999995
200805,6321.197,6931.064,2550.281,3139.892,7438.1990000000005,4046.9970000000003,1786.137,4928.481,158.29,3875.4139999999998
200804,7236.778,7805.933999999999,2767.3120000000004,3205.322,8384.695,2873.4889999999996,1759.497,5558.976,199.008,5009.865
200803,8269.333,8691.579,3787.4610000000002,2683.352,12922.258000000002,4989.493,2011.603,6238.590999999999,230.27,7356.325999999999
200802,9255.096,9989.756,4216.780000000001,2524.23,11663.879,4430.028,2107.5679999999998,7078.237000000001,223.34300000000002,7871.434000000001
200801,10361.976999999999,10332.458999999999,4753.731,3672.675,13770.847000000002,4412.966,2308.912,7417.827,344.14,7707.831
200712,9155.811,9052.101,5023.066,3610.509,13169.982,5983.1720000000005,2363.212,7659.236000000001,325.231,6763.447
200711,8100.147999999999,6851.426,3574.322,2617.38,10515.178,4904.903,2047.6059999999998,6506.243,415.391,5038.742
200710,11814.141,9419.618999999999,3988.254,3463.9880000000003,13988.061,4413.108,2071.8650000000002,9001.047999999999,415.58899999999994,7021.802
200709,12407.11,9275.412,2954.1009999999997,4344.005999999999,13664.628999999999,4306.824,1945.248,9155.525000000001,427.262,5964.687
200708,24652.087,14681.589,5137.475,9416.8,23531.006,6408.469999999999,2406.7560000000003,16125.901000000002,1024.239,11351.300000000001
200707,14235.849000000002,10372.978,4709.155999999999,6545.601000000001,15050.387999999999,6419.7390000000005,2350.454,9352.944,1159.758,8399.461
200706,12305.252,9102.226999999999,4281.137000000001,4532.369000000001,15141.975999999999,5147.689,2058.154,8374.709,665.13,7496.193
200705,10205.793,7772.7300000000005,4352.443,3357.478,12300.703,3502.027,2044.444,7734.2880000000005,294.78700000000003,5871.1990000000005
200704,8542.188,6809.835000000001,4000.424,2328.824,10932.448,4724.896,1923.5269999999998,6101.285999999999,299.799,6581.881
200703,9502.545999999998,7588.025,3454.962,2504.318,11501.693,4766.479,2131.559,5522.828,252.731,6985.602000000001
200702,11118.589,8447.228,5740.875,2905.7070000000003,15263.65,6514.3150000000005,2183.1489999999994,7109.715,438.774,9096.237
200701,9139.673999999999,8025.912,4845.379000000001,2944.87,11882.86,4819.54,2367.668,6865.833999999999,346.77099999999996,7171.5779999999995
200612,7323.268,7733.36344,3705.44439,3047.7670000000003,12038.3143,4935.5769199999995,2322.1870099999996,6312.08128,433.55251,5023.77677
200611,7944.760909999999,7336.48963,4511.08482,3018.1884200000004,12610.94172,4703.50099,1460.21124,7048.83663,282.49099,6457.772550000001
200610,8524.03609,7207.57189,4586.04946,3738.8319,13275.43547,5538.07832,2087.22266,7436.64978,327.8369,7542.69389
200609,7557.6088199999995,6791.825360000001,2907.97553,3166.3718,10945.036100000001,3200.5750399999997,2104.45791,6225.63522,325.75005,5757.7247800000005
200608,17062.4097,11408.48096,4750.1394199999995,7368.04975,21793.88073,5746.02006,2368.32314,11008.67773,960.5086,9841.38499
200607,18779.305679999998,12330.19901,5335.19655,7829.52438,25097.5759,8322.23771,2337.3396900000002,11961.73463,1440.44326,10926.71905
200606,9747.272659999999,8310.863870000001,3789.44375,4681.41751,13162.710229999999,4099.79769,2028.6331,7069.44208,574.84426,6413.706829999999
200605,8628.23765,7344.136050000001,3593.56337,3460.00814,12867.90393,3185.67387,1739.5698300000001,5669.17825,304.71322,5921.05275
200604,7560.42191,6967.68875,2586.11047,2965.39646,13072.936699999998,2578.8576,1944.6517900000001,5171.54135,137.13116000000002,4490.161340000001
200603,7342.81376,7402.57902,2841.14475,2694.1062,12253.88645,3152.14236,2163.5735999999997,5544.4087500000005,219.8707,6160.39654
200602,6719.50716,6144.32435,2476.62856,2321.49413,10993.70211,3049.42731,2185.94948,5551.8313100000005,208.19986,5367.8973399999995
200601,6970.51729,7150.20085,2625.1320800000003,2414.87712,12512.672929999999,3215.9329,2324.19263,5757.42152,211.77864,4641.1222
200512,8572.66694,8363.7025,3914.65631,3142.65111,13390.246770000002,4518.39949,2349.6118300000003,6614.80199,302.54447,6666.59348
200511,6791.6985,5975.412120000001,2753.45966,2656.42864,9766.55645,3944.76483,2242.07327,5866.888679999999,337.75774,5453.20116
200510,8140.553830000001,6601.857480000001,2978.42605,2972.10956,11068.33652,3804.07923,2273.9714799999997,6134.87975,256.76252999999997,6453.61817
200509,12784.45782,8435.05781,3710.2294899999997,3667.6339099999996,14364.03895,4392.65588,2143.21674,7347.142,406.22556,9076.93481
200508,19350.11639,12457.38247,5212.70903,4872.495279999999,23438.47823,6224.063639999999,2346.70117,11931.62762,745.51662,12122.512060000001
200507,18995.70489,12843.15582,4967.063179999999,5346.388440000001,25004.40645,7067.2344,2345.24073,12004.67956,867.02116,12816.44746
200506,17185.344689999998,11583.51268,4511.623659999999,4208.42213,20386.39993,6168.025070000001,1916.37473,10093.15869,799.34492,12505.4006
200505,7171.9821999999995,7733.0136600000005,3246.84877,3149.8471,9848.32629,3307.1792699999996,2077.24933,5141.81402,314.58205000000004,6283.4080300000005
200504,8475.520629999999,8909.30643,3346.5645,2839.1089599999996,12211.703650000001,4270.8413199999995,1776.0945700000002,5892.564249999999,579.92201,8114.914409999999
200503,9029.8439,8011.96241,4138.878290000001,2663.31546,12275.2332,3799.51966,2127.9046399999997,6813.61464,363.09729,6557.75169
200502,6895.46867,6063.86974,2973.23241,2486.28266,10438.0525,3373.0935200000004,2173.6750199999997,5397.727919999999,219.86093,4663.40423
200501,9639.99922,7735.835440000001,3524.21738,3306.7575300000003,15476.546180000001,4268.1426599999995,2339.61958,7391.739839999999,306.33686,5652.438969999999
200412,7773.002839999999,7077.499059999999,3542.06877,2634.3804200000004,14689.557400000002,3481.4861,2297.82628,5828.37032,373.31721,5451.5581999999995
200411,6368.602580000001,6591.092549999999,3334.18542,2342.20789,14007.40682,3038.2323699999997,2142.52197,5478.65159,282.31063,4846.8986
200410,6395.34201,5983.944230000001,3318.38375,2422.6523,13974.01267,3178.99188,2119.11197,4891.87196,250.78797,3871.0885799999996
200409,8535.98291,7261.316150000001,2883.31165,4298.12489,15382.79387,3990.3174,1811.0277400000002,6304.15559,482.43573,5207.3005
200408,11218.79621,7925.40315,2872.61796,4091.76653,16004.177940000001,2901.4990800000005,2161.0495,7616.58394,436.1721,4692.69284
200407,12915.61897,8117.439540000001,3017.7922000000003,3282.94615,15760.24897,4163.77034,2228.69119,8109.20861,631.19484,5928.89263
200406,11029.60925,7161.23949,2754.86521,3309.6369,15592.32303,3105.0343199999998,2108.4237,7822.15371,306.31502,4970.53527
200405,10349.566859999999,8310.2657,2013.11186,2726.11337,15361.262270000001,3226.94772,1893.2157,8975.89607,241.48631999999998,4568.25317
200404,5964.34093,6909.0772,2088.14826,2473.65449,14059.289690000001,3140.30848,1707.71979,5109.47417,207.10023,4711.79944
200403,7494.143249999999,6898.10872,2291.58666,2346.54995,14179.62774,3376.79414,2006.87698,5698.7757599999995,253.84851999999998,5734.05019
200402,8241.69249,9428.74302,2402.35939,2397.59239,14261.30855,3910.15736,2090.49318,5795.3520100000005,229.15250999999998,5171.272360000001
200401,9003.46989,9619.954740000001,2695.13697,2678.33369,15812.04925,5170.114509999999,2245.9270500000002,6614.63951,365.44877,7694.05328
200312,7964.693,8245.719,2328.9080000000004,3112.839,10966.601,3858.798,2376.597,6137.691,173.185,4958.849
200311,7029.055,7788.209,2454.264,2810.9880000000003,9863.371000000001,3958.848,2245.432,5990.637,296.938,4380.07
200310,6651.597,6171.246,2350.371,2516.4300000000003,9773.729,4063.19,2103.516,5928.281000000001,300.029,4143.699
200309,7443.655000000001,7595.057,2324.414,2562.808,10145.502,3787.237,1969.6870000000001,6114.1269999999995,372.933,4265.887
200308,17303.23,10504.609,3435.858,6249.2339999999995,19378.061,6303.762000000001,2341.406,12738.962,639.812,8064.020999999999
200307,11982.936000000002,8758.368999999999,2862.873,5467.464,13035.421,4715.967000000001,2364.061,7951.387999999999,777.3620000000001,5840.591
200306,8236.729,7786.325,2421.192,3195.916,10081.5,3095.542,1963.081,5962.739,372.328,4000.0280000000002
200305,6604.689,7742.13,1982.2289999999998,2684.618,10207.034,2778.727,1818.603,5810.9220000000005,230.323,3698.723
200304,7065.615,5689.887000000001,2229.023,2564.918,12995.508,3219.3770000000004,1847.7780000000002,5929.950000000001,301.132,4935.094999999999
200303,7868.947,7083.004,2449.477,3043.067,12884.047999999999,2754.082,2400.4690000000005,6358.582,314.652,5230.472
200302,8911.767,7132.76,2307.67,2611.426,13227.473,3262.674,2136.108,5793.852,344.034,5169.202
200301,9806.405,7611.659,2527.1029999999996,3197.882,16312.666000000001,3455.169,2430.016,6624.837,358.42100000000005,5164.885
200212,7178.282,7470.363,3175.0210000000006,2718.689,13077.761999999999,3371.709,2387.491,5569.069,234.339,4379.447
200211,6607.881,7468.192999999999,3044.843,2750.788,10872.332,3155.674,2303.482,5104.170999999999,209.509,3801.584
200210,8097.360999999999,7369.795,3227.956,2686.37,13627.126,2908.892,2309.8949999999995,5822.591,76.285,3860.05
200209,13129.287,9315.460000000001,3617.2290000000003,3987.041,16875.864999999998,3559.599,2045.4460000000001,8039.110000000001,254.512,5449.857
200208,22294.249,10993.994,4295.322,6271.119000000001,22954.735,3932.5860000000002,2194.565,10764.873,245.09300000000002,5257.102
200207,30334.23,13190.617999999999,4721.503,7641.8189999999995,25551.283000000003,5591.584,2251.145,12142.554,680.406,7148.580999999999
200206,15773.753,9245.768,3621.3630000000003,4803.52,17041.149999999998,3640.3869999999997,1966.3139999999999,7681.34,363.701,4820.448
200205,11655.495,6458.69,3007.6459999999997,2511.6459999999997,13104.249,2544.6459999999997,1914.369,5599.7609999999995,211.79500000000002,3934.099
200204,12072.689,7859.479,2811.138,2893.273,14553.916,3023.05,1893.788,5819.431999999999,250.047,4609.584
200203,10547.487000000001,7414.260999999999,3362.4530000000004,3407.344,15661.636,3868.384,2348.31,5588.862,274.375,4280.012
200202,8108.151,7659.329000000001,2999.398,2667.395,13620.371,3423.361,2052.045,4967.852,320.88300000000004,3766.825
200201,7799.932000000001,7799.101,3348.547,2968.958,15153.594000000001,3553.3199999999997,2401.3969999999995,5102.474,212.811,4023.95
200112,7383.5830000000005,7986.844999999999,2997.616,2854.504,15556.392,3267.343,2451.207,5751.7429999999995,279.557,4278.29
200111,6620.759,7869.867,2777.287,2754.67,15622.284,3006.7349999999997,2065.583,5618.975,199.925,3938.848
200110,9286.279,7509.3550000000005,3108.803,2976.044,18449.001,3349.033,1967.1,5391.254,205.962,5126.412
200109,8005.0779999999995,8340.766,3342.2380000000003,3412.021,15257.487000000001,2865.182,1923.431,5870.859,401.30100000000004,5090.617
200108,17610.409,12044.094000000001,4723.369000000001,7314.4890000000005,22284.878999999997,4730.558999999999,2307.607,9293.864,852.4110000000001,7872.9619999999995
200107,14915.506,10852.338,4465.859,9358.646,20098.054,4331.509,2244.158,8624.17,901.397,7348.977000000001
200106,9405.312999999998,8938.094000000001,3284.897,3962.938,13957.699,3192.942,1848.763,6534.880999999999,644.733,4662.795
200105,8783.356,6984.485,3233.679,3067.0510000000004,11344.93,3111.977,1931.654,6397.5960000000005,811.827,3760.974
200104,7060.519,7548.92,2928.529,2653.7690000000002,10262.823,2973.855,1918.835,5404.479,840.5,3702.078
200103,6706.511,7798.759999999999,3199.024,2845.928,12538.015,3092.723,2248.8320000000003,6395.168,805.4639999999999,4810.838
200102,7600.291,8194.385999999999,2777.922,2584.0649999999996,11306.32,3223.509,2089.903,5477.134999999999,518.3100000000001,4539.76
200101,6586.478,8377.788,3202.625,3075.172,13151.898000000001,3261.6899999999996,2266.823,6426.036,352.947,4063.996
