AL,AZ,AR,CA,CO,CT,DE,FL,GA,ID,IL,IN,IA,KS,KY,LA,ME,MD,MA,MI,MN,MS,MO,MT,NE,NV,NH,NJ,NM,NY,NC,ND,OH,OK,OR,PA,RI,SC,SD,TN,TX,UT,VT,VA,WA,WV,WI,WY,Date (YYYY/MM)
10.51,10.14,8.76,18.96,11.01,18.44,11.18,11.32,10.7,8.18,10.89,10.98,8.22,10.34,9.8,9.17,15.12,12.02,19.23,12.91,11.26,9.95,9.37,9.5,8.39,8.49,17.94,13.82,9.69,15.88,9.02,8.55,10.18,8.51,9.24,10.52,18.41,10.99,10.05,10.12,8.97,7.94,16.9,9.25,8.92,9.29,11.01,7.88,202111
10.53,10.57,9.09,19.99,11.05,18.83,10.86,10.92,10.95,8.2,10.64,10.65,8.47,10.23,9.4,9.36,14.78,12.09,19.15,12.96,11.35,9.65,9.28,9.72,8.64,8.49,17.64,13.76,9.59,16.96,9.63,8.46,10.04,9.41,9.24,10.13,18.37,10.3,10.29,9.88,9.02,8.33,17.0,9.46,8.97,9.13,11.04,8.19,202110
10.75,11.18,9.49,21.57,11.5,19.62,11.12,11.13,10.96,8.13,10.22,10.63,10.4,10.46,9.36,9.41,14.54,11.54,19.92,12.8,11.68,9.81,11.24,9.91,9.27,9.27,17.78,14.18,10.51,18.06,9.87,8.94,10.04,9.5,9.1,10.14,18.77,10.65,10.75,10.09,9.22,8.89,16.53,9.57,8.82,9.06,11.33,8.28,202109
10.96,11.22,9.47,21.35,11.64,17.36,10.43,10.72,11.42,8.57,10.29,10.57,10.95,10.84,9.34,9.28,14.02,11.35,19.43,13.51,11.69,9.81,11.54,9.96,9.19,9.3,17.07,14.8,10.74,17.88,9.64,8.77,10.07,9.25,9.13,10.22,17.61,10.54,10.76,10.09,9.16,8.85,16.21,9.72,8.75,8.83,11.32,7.99,202108
10.87,11.48,9.35,20.93,11.61,19.43,10.23,10.64,11.4,8.31,10.01,10.56,10.98,10.83,9.36,8.88,13.44,11.3,19.68,13.35,11.77,9.71,11.5,10.08,9.46,9.41,17.2,15.04,10.71,17.6,9.68,8.99,10.05,9.11,9.16,10.08,17.54,10.14,10.83,10.11,8.82,9.07,16.23,9.59,8.88,8.85,11.41,8.22,202107
10.68,11.25,8.81,20.26,11.38,18.16,10.3,10.7,11.05,8.38,10.09,10.42,10.47,10.85,8.94,9.08,13.31,11.3,18.77,13.27,12.18,9.79,11.48,9.52,9.23,9.01,17.1,14.7,10.3,16.73,9.37,8.84,10.0,7.3,9.08,10.04,17.15,10.16,10.89,10.03,8.68,8.96,16.47,9.26,8.64,8.77,11.46,8.63,202106
10.28,11.17,8.22,18.71,10.41,18.08,10.6,10.58,10.44,7.83,10.16,10.08,8.65,10.52,8.8,9.0,13.22,11.09,18.31,12.88,10.89,9.55,9.3,9.27,8.62,7.81,17.04,13.95,9.33,15.71,9.19,8.5,9.46,7.7,8.95,9.48,17.18,9.62,10.74,9.58,8.42,7.98,16.2,8.82,8.56,8.8,10.82,8.37,202105
10.27,10.28,8.1,19.15,10.28,19.25,10.44,10.42,9.87,7.79,10.01,9.91,8.02,10.44,8.88,8.32,13.38,11.12,18.51,12.6,10.8,9.48,9.15,9.13,9.31,8.07,17.39,13.67,9.24,14.58,9.1,8.28,9.52,7.75,9.0,9.44,18.57,9.6,10.04,9.79,9.57,8.03,16.19,8.22,8.67,8.69,10.64,8.02,202104
10.14,9.87,8.45,18.48,10.21,19.54,10.44,10.4,9.65,8.02,10.24,10.02,7.92,10.29,8.66,8.24,13.76,11.26,19.02,12.53,10.34,9.49,8.89,9.38,8.72,7.89,17.12,13.51,9.49,15.07,9.5,8.27,9.45,6.34,9.05,9.58,19.14,10.16,9.94,9.48,10.56,8.03,16.05,9.2,8.79,9.0,10.71,8.32,202103
10.54,10.02,12.07,18.71,10.46,19.66,10.57,10.81,10.31,7.96,9.91,10.35,8.96,10.31,8.99,8.04,14.07,11.28,19.08,12.87,10.53,9.82,8.51,9.26,9.31,8.11,17.5,13.58,9.39,15.41,9.48,8.35,9.4,15.35,9.11,9.86,20.07,10.11,11.41,9.46,13.41,7.99,16.08,9.14,8.81,8.84,11.11,9.11,202102
9.94,9.67,7.87,17.92,10.05,18.66,10.09,10.48,9.46,8.13,9.52,9.78,8.04,9.76,8.56,7.8,13.89,11.24,18.61,12.62,10.09,9.22,8.33,9.14,8.37,7.92,16.89,13.99,9.06,14.73,8.88,7.95,9.21,7.12,9.06,9.72,19.76,9.48,9.65,9.35,8.28,8.0,15.83,8.92,8.61,8.73,10.7,8.19,202101
9.11,9.82,8.04,17.26,10.1,17.98,10.26,10.29,9.59,8.11,9.6,10.07,7.86,9.91,8.54,7.8,13.34,11.22,17.96,12.51,10.11,9.27,8.44,9.19,8.27,7.62,16.64,13.28,8.91,14.55,9.49,7.84,9.37,7.04,8.96,9.7,18.92,9.89,9.85,9.32,8.03,7.77,16.31,9.01,8.68,8.85,10.68,8.06,202012
9.78,9.44,8.13,18.38,10.31,18.22,10.57,10.38,9.57,7.93,9.88,9.91,7.87,10.19,8.67,7.81,13.09,11.12,17.69,12.0,10.05,9.32,8.7,9.27,8.46,7.61,16.75,12.95,9.2,14.88,8.7,8.16,9.4,7.48,8.97,9.59,19.21,9.24,10.21,9.44,8.07,7.92,16.31,8.71,8.67,8.97,10.69,8.2,202011
9.83,10.17,8.29,18.82,10.25,18.57,10.57,10.22,9.65,7.92,9.94,9.87,7.95,10.36,8.57,8.17,13.14,11.25,17.68,12.09,10.59,9.2,8.97,9.46,8.82,7.84,16.59,13.1,9.31,15.4,9.4,8.1,9.46,7.62,8.83,9.37,18.41,9.82,10.23,9.31,8.17,8.02,16.42,8.64,8.55,8.87,10.71,8.4,202010
10.36,10.82,8.71,19.77,10.84,18.83,10.34,10.43,10.15,7.86,9.59,10.11,9.48,10.02,8.7,7.81,13.52,10.97,18.09,12.26,11.26,8.95,9.69,9.4,9.46,9.44,16.42,13.97,10.05,15.97,9.92,8.9,9.5,8.26,8.81,9.51,18.5,10.25,10.34,9.49,8.68,8.66,16.41,8.98,8.53,8.96,10.85,8.55,202009
10.33,11.14,8.55,19.95,10.81,19.67,9.84,10.09,10.83,8.3,9.75,9.89,10.69,10.69,8.7,7.58,13.59,10.8,18.49,12.29,11.17,8.99,11.05,9.51,9.4,9.01,16.44,14.46,10.25,15.85,9.73,8.8,9.55,8.22,8.77,9.66,19.29,10.24,10.62,9.51,8.75,9.05,16.1,9.37,8.25,8.43,11.12,8.55,202008
10.41,11.36,8.93,19.12,10.79,19.27,9.84,10.22,10.69,8.51,9.7,10.1,10.98,10.72,8.66,7.66,13.62,10.71,18.32,12.7,11.32,9.1,11.2,9.2,9.73,8.83,16.01,14.66,10.41,15.99,9.58,9.05,9.67,8.19,8.88,9.8,17.45,10.26,10.41,9.7,8.62,8.89,16.26,9.41,8.33,8.8,11.36,8.49,202007
10.31,11.08,8.77,18.64,10.96,18.58,10.47,10.06,10.52,8.34,9.92,10.23,9.36,10.87,8.62,7.51,13.73,10.99,17.45,13.0,11.73,9.11,11.26,8.93,9.46,8.72,16.45,14.21,9.8,15.8,9.52,9.09,9.54,8.07,8.74,9.64,16.82,10.16,10.28,9.7,8.58,8.78,16.62,9.33,8.22,8.8,11.31,8.52,202006
9.73,11.05,8.17,16.73,9.96,19.76,10.65,8.46,9.83,7.65,10.15,9.83,9.14,10.98,8.66,7.46,13.61,11.3,17.79,12.43,10.67,9.21,10.35,8.86,9.19,8.09,16.71,13.47,8.81,14.5,9.18,8.82,9.63,7.33,8.88,9.87,17.85,9.82,9.98,9.4,8.33,8.39,16.45,9.08,8.13,8.88,10.85,8.51,202005
9.62,10.13,8.2,16.08,9.86,20.54,10.25,10.22,9.52,7.58,9.93,10.02,8.68,10.37,8.49,6.91,13.72,11.28,18.53,12.33,10.26,9.01,8.97,8.69,8.94,7.86,16.72,13.36,8.63,13.61,9.68,8.71,9.66,7.39,8.72,9.87,19.01,9.86,9.94,9.46,8.23,7.93,16.43,9.33,8.08,8.7,10.67,8.28,202004
9.34,9.49,8.01,16.22,9.79,19.44,10.37,10.05,9.4,7.68,9.66,9.59,8.5,10.26,8.39,7.15,13.52,11.37,18.45,11.65,9.9,9.11,8.8,8.97,9.01,7.71,16.53,13.22,8.52,13.63,9.32,8.71,9.04,7.08,8.81,9.6,18.43,9.59,9.67,9.58,8.17,7.81,16.34,9.28,8.27,8.57,10.41,8.11,202003
9.44,9.45,8.06,16.87,9.68,19.73,10.3,10.17,9.45,7.68,9.46,9.64,8.27,10.14,8.48,6.95,13.74,11.51,18.83,11.63,9.99,9.07,8.59,8.99,8.46,7.99,17.04,13.0,8.89,13.65,9.34,8.44,9.19,7.26,8.78,9.84,18.98,9.67,9.79,9.55,8.33,7.86,16.3,9.3,8.14,8.8,10.54,7.98,202002
9.53,9.42,7.73,16.44,9.55,19.19,9.81,10.05,9.21,7.87,9.53,9.71,8.44,9.83,8.5,7.27,13.83,11.53,18.79,11.52,9.77,9.25,8.71,9.15,8.25,8.11,17.42,12.86,8.57,13.83,9.16,8.12,9.25,7.08,8.71,9.88,19.98,9.69,9.45,9.71,8.11,7.7,16.1,9.3,8.17,8.44,10.53,7.87,202001
8.75,9.67,7.78,16.05,9.42,18.14,10.22,10.33,8.06,7.83,9.34,9.6,8.11,9.79,8.68,7.12,14.28,11.19,18.56,11.67,9.76,9.22,8.7,9.13,8.48,8.25,17.15,12.66,8.61,13.83,9.16,8.17,9.22,7.09,8.82,10.07,18.19,10.86,9.74,9.65,8.28,7.7,16.19,9.53,8.17,8.38,10.5,7.91,201912
9.8,9.62,7.92,17.31,9.69,17.6,10.67,10.76,9.46,7.67,9.62,9.9,8.06,10.13,8.82,7.58,14.07,10.94,18.05,11.59,9.65,9.38,8.82,9.07,8.67,8.16,17.07,12.76,8.67,13.8,9.31,8.7,9.42,7.35,8.91,9.78,18.05,10.02,9.7,9.66,8.52,7.76,16.32,9.44,8.08,8.78,10.66,8.14,201911
9.79,10.41,8.08,16.25,9.88,17.94,11.1,10.38,9.4,7.68,9.82,9.82,8.28,10.44,8.45,7.93,13.46,11.32,17.76,11.55,10.1,9.19,8.92,9.04,8.93,8.48,17.03,12.66,8.85,14.65,9.66,8.8,9.06,7.81,8.79,9.51,17.79,10.0,10.19,9.35,8.66,8.16,16.2,9.28,8.11,8.5,10.47,8.32,201910
10.31,10.68,8.49,18.84,10.7,17.83,10.36,10.56,10.4,7.65,9.28,9.8,9.97,10.48,8.68,7.79,14.03,10.75,18.42,11.62,10.7,9.27,10.01,8.81,9.77,9.73,16.99,13.4,9.0,15.52,9.71,9.47,9.3,8.43,8.68,9.63,18.38,10.25,10.38,9.63,9.09,8.62,15.1,9.31,7.9,8.5,10.81,8.1,201909
10.32,11.08,8.59,18.46,10.71,18.47,10.19,10.47,10.87,7.98,9.51,9.87,11.0,10.61,8.66,7.89,13.76,10.8,18.42,11.97,10.8,9.36,11.25,9.03,9.84,9.96,16.82,13.91,9.47,15.4,9.69,9.26,9.69,8.53,8.7,9.84,18.2,10.1,10.61,9.82,9.45,8.87,14.98,9.63,8.01,8.61,10.83,8.27,201908
10.38,11.34,8.64,18.41,10.74,18.17,10.26,10.5,10.94,8.05,9.53,10.0,10.88,10.59,8.78,8.06,13.64,10.82,18.16,12.27,11.07,9.41,11.36,9.07,9.69,9.46,16.61,14.13,9.53,15.39,9.67,9.46,9.81,8.51,8.71,10.0,16.57,10.38,10.26,10.0,8.65,8.88,15.09,9.71,7.85,8.55,11.08,8.25,201907
9.99,11.03,8.55,18.36,10.77,19.41,10.09,10.51,10.38,8.19,9.58,10.03,10.23,10.86,8.9,7.83,14.19,11.17,17.86,11.48,10.75,9.25,11.38,8.69,9.82,9.22,16.85,13.95,9.38,14.77,9.44,9.44,9.77,8.25,8.6,9.61,17.44,10.26,10.51,9.87,8.47,8.66,15.27,9.69,7.84,8.56,10.82,8.18,201906
9.96,10.85,8.09,15.98,9.93,19.06,10.78,10.25,9.94,7.8,9.64,9.92,8.8,10.43,8.59,8.12,13.81,11.34,18.09,11.12,10.5,9.3,10.29,8.61,8.88,8.17,17.03,13.85,8.57,13.77,9.08,8.98,9.61,7.59,8.66,9.56,18.24,9.56,10.05,9.35,8.29,8.18,15.12,9.5,7.82,8.41,10.57,8.11,201905
9.85,10.33,8.0,14.9,9.92,19.54,11.01,10.29,9.59,7.75,9.87,9.99,7.99,10.16,8.26,7.58,14.17,11.58,18.38,11.03,10.22,9.25,8.95,8.99,8.98,8.13,17.36,13.42,8.45,13.48,9.4,8.81,9.56,7.5,8.76,9.84,18.59,9.51,9.82,9.51,8.16,7.75,14.94,9.49,8.0,8.69,10.51,7.86,201904
9.56,9.9,8.14,15.48,10.06,19.17,10.76,10.34,9.65,7.87,9.62,10.0,8.32,10.31,8.33,7.67,14.37,11.63,19.14,11.38,10.26,9.21,8.67,9.53,8.99,7.91,17.47,13.19,9.0,13.38,9.29,8.63,9.78,7.73,9.07,9.97,19.85,9.71,9.57,9.68,8.34,8.04,15.06,9.49,8.3,8.56,10.44,8.04,201903
9.53,10.08,8.0,15.99,10.15,19.7,10.58,10.47,9.35,7.98,9.61,10.06,8.72,10.34,8.59,7.44,14.88,11.8,18.89,11.39,10.0,9.2,8.5,9.28,8.42,8.43,17.78,13.45,9.15,13.8,9.67,8.57,9.8,7.66,9.13,10.18,21.1,9.95,9.52,9.87,8.34,8.03,15.21,9.54,8.31,8.41,10.65,8.24,201902
9.35,9.98,8.05,15.5,9.83,19.07,10.61,10.44,9.44,8.02,9.45,9.87,8.29,8.77,8.48,7.28,13.88,11.68,18.92,11.33,10.04,9.29,8.62,8.85,8.34,7.97,17.74,13.14,8.87,13.64,9.19,8.37,9.83,7.26,8.76,9.65,20.1,9.45,9.37,9.82,8.37,7.78,14.92,9.51,8.01,8.05,10.47,7.88,201901
9.36,9.94,7.33,16.11,9.78,18.8,10.61,10.36,8.29,8.05,9.42,10.04,7.75,10.03,8.54,7.57,13.89,11.73,18.47,11.3,10.02,9.26,8.78,9.04,8.46,7.87,17.35,13.04,8.98,13.55,9.09,8.55,9.79,7.45,8.96,10.1,19.51,9.51,9.75,9.72,8.03,7.58,15.36,9.3,8.03,8.34,10.32,7.91,201812
9.52,9.96,7.36,16.4,9.95,18.52,10.81,10.45,9.48,7.81,9.78,9.9,7.99,10.29,8.61,7.55,13.11,11.37,18.05,11.08,10.13,9.33,8.96,8.8,8.62,7.7,17.21,12.69,8.94,14.12,8.94,8.79,9.9,7.48,9.06,10.04,18.97,9.97,9.64,9.7,8.35,7.66,15.24,9.34,8.02,8.66,10.61,7.93,201811
9.46,10.86,7.18,16.11,10.21,18.32,11.03,10.38,9.13,7.89,9.79,9.67,8.13,10.59,8.35,7.33,13.16,11.79,18.23,11.09,10.26,9.12,9.29,8.87,8.76,8.24,17.06,12.61,9.2,15.2,9.43,8.93,9.85,8.21,8.8,9.89,18.68,9.37,10.27,9.39,8.36,8.09,15.05,9.28,7.93,8.33,10.46,7.76,201810
9.95,11.25,7.84,17.41,10.28,19.12,10.44,10.24,10.13,7.73,9.44,9.9,9.51,10.65,8.6,7.62,13.26,11.38,18.97,11.16,11.07,9.08,9.74,8.59,9.63,9.21,17.07,13.46,9.5,16.04,9.47,9.39,9.57,8.4,8.73,9.89,19.08,9.6,10.43,9.57,8.58,8.4,15.05,9.48,7.94,8.53,10.65,8.15,201809
9.91,11.52,7.95,18.55,10.36,18.36,10.34,10.14,10.33,8.4,9.72,9.87,10.73,11.21,8.44,8.1,13.26,11.3,18.19,11.39,10.81,9.21,11.15,9.07,9.75,9.55,16.57,13.6,10.01,15.73,9.46,9.35,10.05,8.66,8.86,10.06,17.06,8.1,10.55,9.73,8.82,8.83,15.09,9.76,8.0,8.7,10.74,8.02,201808
9.85,11.62,8.0,18.3,10.44,18.04,10.2,10.22,10.22,8.27,9.51,9.87,10.84,11.3,8.6,8.15,13.46,11.53,18.13,12.13,11.03,9.12,11.76,9.27,10.02,9.28,16.72,13.72,10.12,16.15,9.58,9.33,10.18,8.48,8.75,10.12,16.79,10.29,10.26,9.7,8.82,8.78,15.07,9.76,7.88,8.78,10.78,8.16,201807
9.91,11.47,7.86,17.72,10.44,18.55,10.54,10.2,10.2,8.45,9.59,9.78,10.25,11.26,8.79,7.7,13.13,11.71,17.68,11.51,11.0,9.51,11.75,8.8,9.37,9.21,16.63,13.66,9.84,15.41,9.27,9.4,10.08,8.69,8.74,10.01,16.43,10.18,10.21,9.68,8.77,8.6,15.34,9.72,7.72,8.66,10.45,8.27,201806
9.61,11.33,7.48,15.99,9.87,17.78,10.49,10.17,9.46,8.27,9.53,9.51,8.33,10.91,8.51,7.55,13.27,11.31,17.89,11.32,10.47,9.36,10.76,8.67,8.96,8.4,17.08,13.17,8.88,14.26,8.89,9.04,9.95,7.82,8.71,9.9,17.22,9.44,9.96,9.39,8.38,8.46,15.02,9.37,7.71,8.77,10.81,8.27,201805
9.39,10.57,7.43,14.34,9.83,18.34,10.56,10.19,9.17,8.08,9.5,9.61,8.14,10.51,8.38,7.7,13.42,11.53,18.38,11.32,9.67,9.27,9.1,8.56,8.78,8.21,17.02,12.77,8.91,13.82,9.24,8.8,9.94,7.93,8.84,9.91,17.69,9.46,9.66,9.42,8.13,7.79,14.93,9.37,8.1,8.84,10.5,8.15,201804
9.36,10.0,8.19,15.42,9.62,18.21,10.27,10.32,9.26,8.18,9.36,9.63,8.34,10.46,8.3,8.01,15.06,11.3,19.03,11.42,9.84,9.4,9.28,8.87,8.99,8.39,16.97,12.73,9.29,13.79,9.02,8.71,9.86,7.98,8.93,10.02,17.8,9.64,9.59,9.72,8.23,7.83,14.97,9.4,8.19,8.89,10.32,8.25,201803
9.33,10.11,8.28,15.46,9.66,18.66,10.91,10.73,9.07,8.36,9.27,9.61,8.35,10.58,8.63,7.55,14.29,12.04,19.27,11.47,10.03,9.4,9.04,8.67,8.36,8.41,17.51,13.46,9.05,14.35,9.57,8.6,10.15,7.88,8.84,10.43,19.27,9.97,9.69,9.53,8.46,8.16,15.26,9.49,8.2,9.1,10.67,8.2,201802
9.66,9.95,8.22,15.49,9.53,18.34,10.59,10.56,9.98,8.35,10.22,9.6,8.15,10.33,8.43,7.59,12.39,11.84,19.66,11.43,9.92,8.93,8.68,8.85,8.27,8.37,17.11,13.33,9.04,14.68,9.01,8.4,9.96,7.7,8.9,10.68,19.35,10.51,9.68,9.39,8.49,7.87,15.18,9.41,8.15,8.97,10.62,8.05,201801
9.45,9.9,7.9,15.2,9.63,17.46,10.7,10.35,9.25,8.3,9.31,9.65,7.95,10.03,8.56,7.37,13.41,11.84,17.26,11.31,9.4,8.9,9.05,9.03,8.65,8.43,16.79,12.87,9.06,13.71,8.68,8.36,9.84,7.58,8.92,10.26,16.54,9.82,9.95,9.56,8.07,7.89,14.58,9.02,8.15,9.01,10.69,8.25,201712
9.6,9.97,8.03,15.82,9.78,17.62,10.82,10.5,9.27,8.14,9.57,9.92,7.89,10.34,8.63,7.64,13.19,11.6,17.15,11.1,9.86,8.98,9.21,8.9,8.49,8.28,16.35,12.6,9.02,14.0,8.63,8.44,9.82,7.89,8.93,9.96,17.57,9.62,10.09,9.49,8.17,7.99,14.65,9.07,8.12,9.0,10.72,8.11,201711
9.75,10.86,8.05,16.01,9.99,18.03,11.03,10.66,9.48,8.14,9.31,9.77,7.73,10.52,8.44,7.95,12.43,11.88,17.18,10.92,10.28,9.1,9.41,8.96,8.6,8.87,16.41,12.27,9.25,15.02,9.2,8.82,9.76,8.35,8.8,9.98,16.88,9.65,10.22,9.26,8.35,8.2,14.48,9.3,7.94,8.86,10.35,8.44,201710
10.26,11.07,8.77,17.83,10.39,17.93,10.62,10.68,10.32,8.16,9.47,9.84,9.66,10.92,8.73,8.13,12.76,11.59,17.88,11.05,10.62,9.23,10.02,8.88,9.65,9.47,16.13,13.28,9.82,15.73,9.5,9.25,9.89,8.59,8.74,9.98,16.33,10.44,10.38,9.46,8.57,8.91,14.66,9.32,7.95,8.72,10.96,8.2,201709
10.18,11.22,8.77,17.57,10.39,17.64,10.76,10.4,10.55,8.56,9.6,9.8,10.73,11.06,8.65,8.17,12.99,11.89,17.25,11.37,10.64,9.21,11.59,9.06,9.8,9.69,16.07,13.95,10.15,15.72,9.34,9.29,10.01,8.61,8.83,10.14,16.45,10.43,10.29,9.57,8.6,9.33,14.48,9.6,7.85,8.94,10.85,8.12,201708
10.19,11.56,8.85,17.25,10.47,17.78,10.49,10.43,10.63,8.49,9.53,9.87,10.93,11.18,8.84,8.49,12.93,11.69,17.36,11.6,11.09,9.25,11.77,9.11,9.97,9.53,16.02,14.07,10.5,15.91,9.47,9.14,10.06,8.59,8.8,10.21,16.01,10.45,10.47,9.73,8.62,9.6,14.69,9.7,7.82,8.96,11.05,8.28,201707
10.1,11.31,8.65,17.28,10.62,17.49,10.72,10.51,10.26,9.12,9.79,9.79,9.98,11.02,8.59,8.35,12.75,11.99,17.14,11.51,10.87,9.3,11.65,9.04,9.74,9.12,16.06,14.13,10.1,15.65,9.0,9.3,9.92,8.41,8.68,10.01,15.3,10.35,10.4,9.65,8.55,9.34,14.85,9.26,7.77,8.82,11.08,8.36,201706
9.71,11.16,8.16,15.38,9.75,17.56,11.34,10.18,9.57,7.95,9.76,9.65,8.08,10.69,8.37,7.76,12.69,12.14,16.36,11.4,10.27,9.01,10.62,8.91,8.86,8.28,16.06,13.71,9.42,14.61,8.85,8.94,9.71,8.11,8.67,9.97,15.01,9.78,10.14,9.2,8.33,8.76,14.59,9.04,7.84,8.92,10.89,8.46,201705
9.53,10.17,8.02,13.02,9.62,17.26,11.0,10.28,9.51,7.92,9.44,9.76,7.86,10.46,8.38,7.38,12.87,12.12,17.08,10.97,10.17,9.11,9.28,8.65,8.82,8.01,15.97,13.17,9.21,13.76,8.78,8.73,9.73,8.3,8.65,10.05,16.93,9.62,10.01,9.17,8.25,7.91,14.61,8.94,7.9,9.07,10.54,8.31,201704
9.67,9.62,7.78,15.38,9.73,17.41,11.61,10.25,9.65,8.03,10.09,9.65,7.66,10.37,8.43,7.85,13.25,12.13,16.46,11.28,9.83,9.02,9.11,8.72,9.13,8.08,16.04,13.04,9.41,14.16,8.93,8.51,9.88,7.89,8.87,10.19,16.13,9.6,9.89,9.26,8.14,8.25,14.53,9.0,7.87,9.2,10.57,8.34,201703
9.76,9.61,7.86,15.26,9.67,17.37,11.18,10.38,9.57,8.04,9.12,9.72,7.85,10.13,8.58,7.73,13.47,12.57,17.25,11.31,10.45,9.05,8.98,8.81,8.5,7.93,16.21,12.99,9.58,13.77,9.02,8.54,9.81,8.11,8.82,10.37,17.44,9.78,9.58,9.4,8.33,8.15,14.6,8.81,7.99,9.23,10.66,8.36,201702
9.5,9.56,7.82,15.02,9.53,17.08,10.84,10.25,9.3,7.87,8.9,9.85,7.94,9.98,8.58,6.31,13.44,12.45,16.98,11.43,9.77,8.81,8.72,8.94,8.24,8.02,15.92,13.19,9.09,14.19,8.88,8.33,9.61,7.73,8.94,10.32,16.77,9.65,9.36,9.45,8.32,8.22,14.53,8.89,7.98,9.27,10.63,8.12,201701
9.73,9.46,7.94,14.8,9.77,16.7,10.67,9.79,9.13,7.99,9.07,9.63,7.58,9.99,8.6,7.74,12.91,12.35,16.19,11.36,9.61,8.89,9.02,8.82,8.46,7.71,15.96,12.81,9.26,13.93,8.77,8.7,9.94,7.54,9.05,10.15,15.89,9.73,9.59,9.59,8.23,8.14,14.41,8.83,7.88,9.16,10.48,8.17,201612
9.39,9.47,7.86,14.91,9.88,17.02,10.85,9.92,9.19,8.09,9.4,9.7,7.56,10.08,8.51,7.41,12.93,12.11,16.02,11.02,10.1,8.8,9.21,8.74,8.44,7.18,15.94,12.64,8.75,14.13,8.88,9.01,9.66,7.01,8.95,10.06,15.83,9.32,9.85,9.39,8.25,8.15,14.68,8.89,7.81,9.09,10.47,8.19,201611
9.81,10.35,8.08,14.12,9.85,17.07,11.93,9.93,9.27,8.02,9.39,9.59,7.78,10.43,8.44,7.66,12.72,12.4,16.43,11.12,9.97,8.84,9.06,8.94,8.65,8.45,15.71,12.57,9.04,14.81,9.27,9.17,9.64,8.26,8.94,10.0,16.06,9.41,10.02,9.32,8.42,8.48,14.58,8.61,7.69,8.83,10.41,8.16,201610
9.96,11.04,8.63,16.6,10.49,16.77,10.94,10.04,10.05,7.99,9.46,9.51,9.26,10.53,8.68,7.99,12.94,12.03,17.19,11.33,10.35,8.71,10.04,8.89,9.49,8.97,15.61,13.92,9.64,15.63,9.48,9.52,9.77,8.69,8.81,10.21,17.08,10.24,10.29,9.63,8.7,9.23,14.69,9.08,7.64,8.88,10.69,8.15,201609
9.98,11.14,8.69,17.07,10.42,16.73,10.96,9.99,10.36,8.29,9.6,9.39,10.53,10.87,8.65,7.85,13.1,11.99,16.4,11.7,10.4,8.72,11.3,9.07,9.81,9.23,15.6,14.31,9.93,15.51,9.58,9.5,10.03,8.58,8.88,10.32,16.36,10.34,10.03,9.61,8.65,9.46,14.28,9.27,7.64,9.04,10.93,8.34,201608
10.04,11.25,8.65,16.85,10.35,17.15,10.73,9.9,10.55,8.35,9.65,9.25,10.55,10.95,8.71,7.52,12.77,12.15,16.33,11.43,10.42,8.71,11.19,9.13,10.14,9.18,15.27,14.28,9.82,15.37,9.59,9.22,10.01,8.36,8.8,10.13,15.45,10.45,10.31,9.55,8.65,9.46,14.6,9.29,7.64,8.94,11.19,8.18,201607
9.84,11.03,8.52,16.14,10.36,17.6,11.0,9.81,10.22,8.44,9.53,9.12,10.01,11.02,8.58,7.12,12.28,12.34,16.14,11.05,10.11,8.78,11.36,9.06,9.68,8.8,15.13,14.09,9.39,14.95,9.26,9.27,9.89,8.11,8.74,9.97,16.05,10.27,10.11,9.26,8.54,9.65,14.58,9.52,7.52,9.74,11.13,8.28,201606
9.32,10.74,7.89,14.86,9.49,17.7,11.37,9.6,9.3,7.79,9.55,8.99,8.14,10.57,8.08,7.23,12.55,12.24,15.96,10.75,9.97,8.31,10.05,8.85,8.84,7.97,15.5,13.07,8.53,13.74,8.99,9.09,9.84,7.63,8.75,9.99,15.69,9.32,9.99,8.64,8.26,8.65,14.4,9.14,7.46,8.68,10.7,8.29,201605
9.26,9.84,7.65,12.6,9.5,17.56,11.15,9.7,9.0,7.83,9.24,9.12,7.5,10.3,8.12,7.12,12.53,12.17,16.64,10.46,9.78,8.25,8.88,8.64,8.73,7.66,15.75,12.8,8.31,13.8,8.98,8.53,9.77,7.39,8.65,10.15,16.58,9.24,9.69,8.74,8.13,8.24,14.37,9.11,7.51,8.69,10.41,8.15,201604
9.1,9.38,7.76,14.26,9.19,17.82,11.37,9.89,8.96,8.0,9.24,8.81,7.76,10.41,8.06,7.5,12.91,12.25,16.65,10.58,9.62,8.57,8.79,8.84,9.09,7.93,15.78,12.96,8.61,13.67,9.11,8.68,9.78,7.28,8.78,10.23,16.79,9.46,9.61,8.85,8.23,8.2,14.47,9.01,7.71,8.76,10.44,8.18,201603
9.01,9.36,7.7,14.45,9.22,17.92,11.15,10.12,9.01,7.98,9.2,8.76,7.58,10.29,8.15,7.06,12.89,12.24,17.06,10.75,9.7,8.56,8.51,8.57,8.42,8.09,15.9,12.88,8.57,13.71,9.11,8.7,9.83,7.36,8.8,10.54,16.94,9.52,9.33,8.83,8.36,8.22,14.2,9.21,7.77,8.98,10.52,8.24,201602
8.94,9.2,7.63,14.67,9.07,17.18,11.22,10.16,9.13,7.95,9.12,8.77,7.76,10.08,8.27,7.15,12.9,12.33,16.62,10.75,9.72,8.79,8.41,8.57,8.24,8.14,15.77,13.08,9.0,13.55,9.04,8.19,9.86,6.93,8.78,10.41,16.76,9.52,9.3,8.99,8.38,8.17,14.34,9.03,7.77,8.88,10.55,7.93,201601
8.7,9.15,7.82,14.41,9.61,16.73,10.86,10.18,8.59,8.02,8.99,8.84,7.51,10.0,8.22,7.03,12.32,12.2,16.51,10.73,9.18,9.09,8.91,8.65,8.27,8.47,15.72,13.07,8.64,14.09,9.14,8.32,9.95,7.08,8.82,10.27,16.93,9.32,9.16,9.21,8.22,7.99,14.57,9.01,7.76,8.36,10.38,7.76,201512
8.71,9.17,8.0,15.03,9.68,16.88,11.56,10.39,8.61,7.78,9.47,8.97,7.37,10.0,8.22,7.3,13.06,12.0,15.59,10.62,9.27,9.17,9.01,8.71,8.34,8.09,15.48,12.86,8.92,14.19,8.85,8.41,10.02,7.32,8.88,10.19,15.97,9.02,9.36,9.27,8.13,8.02,14.49,9.16,7.71,8.41,10.38,7.9,201511
8.97,10.24,8.0,15.62,9.82,17.05,11.05,10.38,9.15,7.9,9.49,8.85,7.83,9.86,8.15,7.82,12.21,12.19,15.97,10.47,9.56,9.24,9.0,8.79,8.56,9.14,15.3,12.88,9.47,15.08,9.51,8.81,9.81,8.02,8.75,10.17,16.39,9.25,9.69,9.3,8.35,8.46,14.44,8.96,7.47,8.2,10.67,8.09,201510
9.78,11.0,8.75,17.36,10.24,16.66,11.25,10.56,9.86,8.0,9.53,9.03,8.91,10.14,8.44,7.96,12.07,11.9,16.6,10.71,9.84,9.73,9.81,8.8,9.41,10.24,15.11,13.84,9.87,15.79,9.73,9.31,10.05,8.48,8.67,10.4,17.55,9.86,9.83,9.57,8.8,9.28,14.42,9.33,7.4,8.23,11.09,7.91,201509
9.82,11.16,8.83,17.19,10.4,16.69,11.16,10.53,10.27,8.34,9.71,9.09,9.78,10.4,8.56,8.07,12.49,12.17,16.22,11.41,10.07,9.56,10.92,8.92,9.67,10.26,14.98,14.44,10.34,15.76,9.7,9.28,10.36,8.54,8.6,10.48,16.25,9.99,9.95,9.6,8.98,9.09,14.39,9.41,7.37,8.4,11.05,8.02,201508
9.92,11.37,8.82,17.31,10.47,17.04,10.97,10.6,11.63,8.38,9.64,9.13,10.13,10.57,8.31,7.71,12.11,12.07,16.11,11.87,10.27,9.56,11.01,9.14,10.1,10.32,15.17,14.56,10.49,15.91,9.83,9.27,10.47,8.44,8.97,10.35,15.42,10.06,9.95,9.66,8.9,9.46,14.39,9.5,7.48,8.32,11.15,8.02,201507
9.84,11.25,8.52,16.12,10.08,18.13,11.69,10.49,9.73,8.38,9.33,9.07,9.43,10.57,8.05,7.59,12.05,12.28,16.36,10.85,10.27,9.83,10.88,9.07,9.49,10.16,15.65,14.63,10.25,15.45,9.33,9.48,10.09,8.36,8.78,10.4,15.5,9.84,9.55,9.53,8.84,9.19,14.41,9.45,7.4,8.25,11.21,8.0,201506
9.43,10.68,8.12,14.76,9.9,18.67,11.17,10.36,9.59,8.42,9.22,8.8,7.8,10.18,7.81,7.77,12.83,11.7,16.37,10.61,9.54,9.65,9.6,8.96,8.7,9.19,16.22,13.52,9.31,14.72,9.03,8.82,9.66,7.88,8.64,10.05,15.86,9.34,9.45,8.94,8.63,8.57,14.41,9.14,7.13,7.89,10.63,8.05,201505
9.03,10.0,7.87,12.64,9.87,18.55,10.33,10.43,9.05,7.79,9.27,9.01,7.82,10.12,7.89,7.43,12.25,12.03,17.47,10.23,9.22,9.5,8.6,8.79,8.63,9.05,16.75,13.64,9.21,14.39,9.2,8.95,9.55,7.69,8.68,10.03,17.93,9.11,9.34,9.05,8.46,8.07,14.33,9.01,7.16,7.96,10.51,7.98,201504
9.07,9.51,7.72,14.22,9.78,19.16,11.65,10.48,8.89,7.86,9.54,8.98,7.8,9.97,7.94,7.61,13.31,12.19,18.67,10.49,8.9,9.42,8.24,8.92,8.81,9.11,17.45,13.85,9.37,15.91,9.57,8.25,9.87,7.59,8.73,10.51,19.03,9.49,9.05,8.97,8.85,8.12,14.37,9.46,7.23,8.01,10.48,8.23,201503
9.32,9.46,7.78,14.3,9.81,19.27,11.84,10.88,9.65,7.86,9.38,9.04,7.68,9.89,8.17,7.58,14.81,12.11,18.85,10.47,9.1,9.97,8.4,8.67,8.33,9.13,17.46,13.55,9.56,16.07,9.19,8.48,9.92,7.6,8.71,10.56,19.96,9.7,9.25,9.16,8.94,7.96,14.4,9.54,7.36,7.85,10.63,7.98,201502
8.92,9.34,7.57,14.55,9.47,18.49,10.48,10.65,9.32,8.01,9.15,9.05,7.7,9.75,7.89,7.62,13.88,12.0,17.85,10.4,9.12,9.56,8.25,9.3,8.09,9.18,16.89,13.26,9.6,15.36,9.15,8.06,9.82,7.25,8.69,10.21,17.62,9.55,9.12,9.12,9.01,7.84,14.27,9.47,7.28,7.67,10.48,7.75,201501
8.8,9.18,7.64,14.46,9.46,17.39,10.99,10.71,9.14,7.91,9.43,9.01,7.49,9.58,7.88,7.79,13.31,11.69,16.42,10.83,9.04,9.47,8.23,8.35,8.22,9.0,15.81,13.19,9.11,15.38,9.03,8.01,9.87,7.49,8.71,10.13,15.87,9.45,8.87,9.0,8.81,7.78,14.19,9.35,6.95,7.57,10.41,7.77,201412
9.01,9.24,7.74,15.16,9.58,16.84,10.97,10.9,9.5,8.01,9.41,9.09,7.05,10.01,7.84,7.21,12.43,11.44,14.69,10.86,9.17,9.41,8.43,8.7,8.35,8.21,15.24,13.22,8.98,15.34,8.72,8.24,9.88,7.55,8.81,9.94,14.32,9.42,8.97,8.8,8.75,8.15,14.4,9.39,7.18,7.67,10.5,7.77,201411
8.82,10.04,7.8,15.36,9.76,16.72,11.1,10.77,9.5,7.81,9.79,9.15,7.56,10.22,7.77,7.91,11.79,11.55,14.56,10.85,9.29,9.49,8.52,8.76,8.69,9.98,14.88,12.97,9.78,15.59,9.35,8.58,9.6,8.19,8.66,9.7,14.55,9.34,9.18,8.94,8.95,8.28,14.23,9.14,7.1,7.41,10.27,7.9,201410
9.49,10.67,8.43,17.3,10.56,16.79,11.06,11.04,10.24,8.11,9.12,9.14,8.72,10.36,8.11,8.21,11.98,14.42,15.05,10.97,9.64,9.85,9.4,8.81,9.45,10.6,14.61,13.94,9.87,16.38,9.53,9.03,9.47,9.02,8.66,9.96,15.11,9.71,9.36,9.42,9.16,8.91,14.29,9.51,7.11,7.46,10.85,7.89,201409
9.8,10.89,8.41,17.25,10.7,16.89,11.15,10.78,10.78,8.33,9.75,9.25,9.9,10.87,8.26,8.37,11.92,11.69,15.56,11.44,10.03,9.98,10.59,8.77,9.76,10.47,14.62,14.28,10.59,16.27,9.53,9.16,10.15,8.67,8.67,10.18,16.62,9.91,9.39,9.73,9.28,8.91,14.65,9.51,7.07,7.49,10.85,7.82,201408
9.81,11.12,8.53,17.05,10.82,16.66,11.39,10.77,10.79,8.42,9.48,9.29,9.09,10.84,8.49,8.77,12.21,11.81,15.03,11.34,10.04,10.04,10.66,8.75,10.09,11.08,14.82,14.67,10.79,16.89,9.69,9.01,10.28,8.94,8.77,10.35,14.37,10.15,9.58,10.01,9.33,9.13,14.79,9.71,7.09,7.59,10.98,7.76,201407
9.75,10.91,8.31,15.99,10.81,16.93,11.25,10.84,10.69,8.19,9.51,9.11,8.43,10.48,8.43,8.56,11.91,11.79,14.91,11.42,10.02,9.95,10.63,8.48,9.23,10.06,15.07,14.22,10.4,16.51,9.52,9.17,10.14,8.67,8.51,10.2,14.25,9.91,9.44,9.93,9.2,9.09,14.84,9.26,6.8,7.65,10.98,7.83,201406
9.13,10.62,7.88,14.47,9.97,16.67,10.86,10.62,9.77,7.6,9.29,8.88,7.76,10.18,8.15,8.57,12.15,11.76,14.69,10.93,9.28,9.44,9.59,8.38,8.55,9.18,15.19,13.54,9.35,15.47,9.1,8.44,9.46,8.03,8.58,9.78,15.17,9.46,9.07,9.32,8.55,8.42,14.75,8.85,6.96,7.58,10.44,7.73,201405
8.82,9.79,7.7,11.74,9.87,17.1,11.28,10.53,9.56,7.57,9.21,8.94,8.13,10.04,8.08,8.46,12.28,12.05,15.33,10.84,9.31,9.43,8.48,8.26,8.58,9.09,15.24,13.67,9.19,15.29,9.34,8.2,9.44,8.02,8.52,10.11,15.68,9.39,8.85,9.48,8.55,7.78,14.72,8.86,7.14,7.77,10.39,7.7,201404
9.03,9.27,7.53,13.59,9.64,17.55,11.12,10.7,9.72,7.63,9.23,8.92,8.13,9.91,8.2,7.94,13.97,12.31,15.84,11.02,9.6,9.53,8.36,8.7,8.75,9.15,15.83,14.41,9.21,17.08,9.32,8.06,9.5,7.86,8.69,10.65,16.0,9.52,8.8,9.65,8.79,7.9,14.82,8.87,7.29,7.78,10.26,7.83,201403
9.18,9.46,7.4,13.65,9.69,17.73,11.76,10.86,9.91,7.58,9.23,9.04,7.71,9.57,8.27,7.71,13.81,12.63,16.21,10.86,9.49,9.35,8.15,8.52,8.15,9.11,15.86,14.34,8.99,17.81,9.59,8.13,9.54,7.95,8.85,11.17,17.6,9.68,8.79,9.21,8.85,7.81,14.7,8.78,7.43,7.92,10.6,7.73,201402
9.21,9.27,7.24,13.86,9.52,17.18,11.54,10.59,10.14,7.63,8.86,8.86,7.73,9.51,8.21,7.51,13.75,12.1,15.72,10.93,9.26,9.11,8.01,8.59,8.01,9.11,15.4,14.36,8.98,16.57,9.13,7.54,9.36,7.36,8.7,10.82,15.74,9.8,8.54,9.13,8.75,7.66,14.47,8.82,7.29,7.84,10.28,7.49,201401
8.67,9.37,7.67,13.23,9.51,15.83,11.08,10.22,9.27,7.85,7.91,8.7,7.72,9.33,7.93,7.62,12.65,11.91,17.02,11.09,9.15,9.08,8.02,8.63,8.1,8.93,14.71,13.28,8.8,14.74,9.3,8.04,9.05,7.21,8.66,9.95,17.97,9.51,8.58,9.0,8.67,7.7,14.79,8.85,7.33,7.7,10.08,7.7,201312
8.41,9.22,7.63,14.02,9.72,15.95,11.03,10.35,9.19,7.69,8.12,8.74,7.59,9.29,7.73,7.71,11.7,11.62,14.26,10.93,9.12,9.04,8.15,8.56,8.1,8.15,14.19,13.12,8.65,14.15,8.98,8.03,9.17,7.34,8.63,9.67,13.96,9.07,8.7,8.7,8.39,7.58,14.8,9.01,7.22,7.81,10.37,7.54,201311
8.86,10.11,7.7,14.64,9.8,15.84,10.88,10.2,9.29,7.75,8.32,8.81,7.98,9.43,7.69,8.16,11.31,11.87,14.0,11.05,9.22,8.97,8.27,8.69,8.56,9.39,14.16,13.25,9.02,15.17,9.47,8.36,9.05,8.04,8.52,9.56,12.62,9.0,9.0,8.77,8.63,8.23,14.8,8.89,7.06,7.64,10.35,7.87,201310
9.58,10.66,8.32,15.66,10.39,15.68,10.73,10.46,10.19,7.72,8.08,8.84,8.53,9.93,8.06,8.29,11.46,12.1,14.55,11.05,9.73,9.38,9.37,8.62,9.51,9.93,13.91,14.21,9.46,16.3,9.54,8.78,9.31,8.6,8.35,9.84,13.7,9.46,9.28,9.33,8.81,8.7,14.58,9.2,7.03,7.81,10.69,7.61,201309
9.55,10.91,8.39,15.66,10.52,15.48,10.8,10.22,10.49,8.12,8.54,8.94,9.07,10.23,8.0,8.47,11.53,12.22,14.76,11.67,9.97,9.45,10.7,8.75,9.59,10.01,13.84,14.61,10.23,16.24,9.69,8.89,9.62,8.4,8.35,10.05,13.64,9.56,9.4,9.55,9.0,8.82,14.56,9.26,7.01,7.94,11.1,7.62,201308
9.5,11.1,8.42,15.78,10.5,15.53,10.74,10.24,10.48,8.19,8.42,8.94,9.06,10.29,8.15,8.46,11.89,12.02,14.52,11.95,10.07,9.46,10.85,8.85,9.9,10.27,14.11,14.85,10.16,16.94,9.62,8.63,9.78,8.43,8.49,10.06,12.03,9.68,9.43,9.71,9.01,8.85,14.64,9.31,7.03,7.95,11.02,7.4,201307
9.67,10.81,8.32,15.84,10.44,15.67,10.89,10.16,10.42,7.97,8.24,8.79,8.34,10.17,7.91,8.23,11.31,11.97,14.6,11.7,10.0,9.56,10.59,8.75,9.17,9.23,14.31,14.43,9.92,16.03,9.31,8.91,9.54,8.47,8.34,9.74,12.7,9.63,9.22,9.59,8.89,8.79,14.79,9.15,6.86,7.88,10.72,7.47,201306
8.81,10.47,7.88,13.8,9.61,15.58,11.15,10.11,9.53,7.0,8.69,8.67,7.53,9.75,7.5,7.92,11.42,11.15,14.01,11.43,9.38,9.07,9.51,8.56,8.35,8.3,14.26,13.42,8.94,14.71,8.86,8.28,9.14,7.97,8.34,9.6,12.89,9.02,8.94,8.86,8.59,8.2,14.83,8.8,6.86,7.97,10.34,7.55,201305
8.56,9.76,7.64,12.98,9.47,15.47,10.92,10.01,9.24,6.95,8.24,8.73,7.64,9.59,7.24,7.64,11.42,11.16,13.79,10.84,9.07,9.02,8.16,8.42,8.33,8.33,14.37,13.09,8.58,14.24,9.0,7.93,8.92,7.81,8.28,9.71,12.51,8.72,8.49,8.78,8.38,7.69,14.89,8.71,7.05,8.08,10.34,7.43,201304
8.75,9.3,7.65,12.84,9.47,15.67,10.88,10.16,9.36,6.99,8.15,8.62,7.8,9.45,7.35,8.0,12.18,11.19,14.32,11.05,9.0,8.77,8.25,8.51,8.7,8.07,14.63,13.04,8.95,15.07,8.93,7.9,8.98,7.56,8.37,9.7,14.59,8.87,8.55,8.96,8.31,7.71,14.27,8.77,7.12,7.99,10.29,7.46,201303
8.77,9.3,7.65,12.98,9.53,15.77,10.88,10.27,9.24,7.07,8.27,8.5,7.65,9.55,7.44,7.87,12.96,11.27,14.51,10.77,9.12,8.74,8.18,8.28,8.26,8.1,14.66,12.97,8.94,15.88,9.03,7.9,8.86,7.27,8.45,9.77,15.23,9.06,8.49,8.83,8.39,7.63,14.17,8.78,7.24,8.23,10.45,7.62,201302
8.74,9.08,7.61,13.03,9.31,15.5,10.89,10.18,9.07,7.1,8.07,8.43,7.73,9.22,7.35,7.73,12.4,11.22,13.6,10.79,8.96,8.56,7.88,8.34,7.83,8.21,14.49,13.15,8.71,15.02,8.94,7.29,8.89,6.8,8.39,9.91,13.23,9.05,8.34,9.23,8.45,7.51,14.35,8.66,7.19,7.96,10.29,7.39,201301
8.93,8.97,7.48,12.67,9.14,15.4,11.17,10.36,8.86,6.95,7.96,8.37,7.48,9.1,7.2,7.07,12.37,11.25,14.15,11.32,8.72,8.53,7.69,8.35,7.75,8.36,14.24,13.11,8.59,14.72,8.97,7.72,9.28,7.03,8.3,10.01,13.76,9.22,8.26,9.59,8.38,7.42,14.33,8.87,7.08,8.17,9.86,7.26,201212
8.76,9.04,7.48,12.88,9.37,15.78,11.13,10.75,8.83,6.87,8.17,8.16,7.1,8.94,7.06,6.79,11.97,10.88,13.05,10.78,8.62,8.44,7.61,8.3,7.72,7.57,14.17,13.22,8.24,14.46,8.76,7.71,9.2,7.04,8.37,9.85,11.86,9.07,8.39,9.19,8.27,7.47,14.78,8.81,7.06,8.26,10.21,7.25,201211
8.95,9.89,7.48,13.29,9.5,15.77,10.96,10.49,9.04,6.9,8.21,8.16,7.34,9.19,6.98,7.14,11.61,11.31,13.09,10.68,8.81,8.31,7.83,8.37,8.23,8.84,14.02,12.9,8.78,15.21,9.06,7.93,9.12,7.41,8.21,9.66,11.92,8.65,8.65,9.18,8.43,7.73,14.46,8.71,6.89,8.1,10.15,7.39,201210
9.55,10.3,8.09,15.51,9.85,15.46,11.36,10.59,9.85,6.74,8.36,8.27,8.01,9.56,7.55,7.1,11.63,11.42,14.08,10.89,9.31,8.75,8.79,8.34,9.01,9.69,14.03,13.8,9.2,16.05,9.55,8.28,9.37,7.95,8.14,9.75,12.77,9.34,8.92,9.66,8.78,8.33,13.65,8.97,6.84,8.21,10.56,7.25,201209
9.76,10.65,8.2,15.2,9.99,15.41,11.48,10.53,10.08,7.52,8.41,8.27,8.94,9.84,7.59,6.86,11.76,11.53,13.63,11.31,9.46,8.78,9.95,8.44,9.25,9.82,13.95,14.27,9.74,15.77,9.54,8.34,9.45,8.11,8.16,9.99,12.36,9.63,8.85,9.47,8.87,8.46,14.14,9.18,6.88,8.06,10.58,7.1,201208
9.88,10.69,8.15,14.26,10.06,15.49,11.3,10.37,10.46,7.49,8.55,8.31,8.76,9.98,7.64,6.96,11.75,11.46,13.97,12.15,9.42,8.91,9.96,8.38,9.48,10.03,14.1,14.58,9.69,16.43,9.68,8.3,9.58,7.77,8.19,9.98,12.55,9.44,8.88,9.67,8.78,8.59,14.28,9.37,6.81,8.2,10.81,7.41,201207
9.76,10.55,7.95,14.67,9.8,15.37,11.34,10.51,9.86,7.11,8.36,8.39,8.09,9.93,7.62,6.48,11.22,11.4,14.42,11.12,9.19,8.9,9.87,8.16,8.71,9.42,14.25,14.15,9.34,15.89,9.21,8.36,9.22,7.75,8.06,9.9,13.23,9.54,8.61,9.55,8.71,8.54,14.18,9.41,6.77,8.0,10.5,7.19,201206
8.89,10.29,7.31,12.87,9.14,15.49,10.77,10.05,9.2,6.48,8.76,8.26,7.38,9.28,7.35,6.87,11.56,11.07,13.81,11.05,8.47,8.41,8.86,8.2,7.89,8.57,14.26,13.44,8.5,14.69,8.89,7.81,8.9,7.47,8.13,9.68,12.54,8.72,8.56,8.94,8.35,7.82,14.04,9.22,6.73,8.26,10.13,7.18,201205
8.77,9.39,7.11,12.37,8.95,15.59,10.66,10.37,8.85,6.61,8.45,8.47,7.46,8.94,6.96,6.76,11.21,11.1,13.33,10.27,8.45,8.27,7.76,7.99,8.06,8.31,14.28,13.1,8.07,14.39,8.86,7.8,8.64,7.33,8.18,9.82,11.62,8.63,8.34,8.84,8.26,7.43,14.12,8.91,6.94,7.79,10.08,7.06,201204
8.78,8.81,7.25,12.31,8.91,15.41,10.66,10.14,8.75,6.64,8.45,8.38,7.28,8.88,6.95,6.88,11.63,11.16,14.1,10.56,8.61,8.57,7.63,8.14,8.3,8.41,14.33,13.22,8.33,14.35,9.1,7.46,8.72,7.4,8.26,9.85,13.25,8.89,8.22,8.85,8.31,7.28,14.16,9.12,7.08,8.23,10.09,7.22,201203
8.86,8.72,7.19,12.46,8.85,15.54,10.82,10.43,8.92,6.65,8.51,8.22,7.06,8.95,7.02,6.94,12.37,11.31,13.9,10.5,8.55,8.61,7.59,8.11,7.79,8.63,14.31,13.61,8.51,14.34,9.04,7.5,8.79,7.55,8.26,10.07,13.6,8.91,8.16,8.88,8.59,7.31,14.32,9.16,7.09,8.21,10.18,7.15,201202
8.8,8.68,7.16,12.74,8.72,15.88,10.78,10.62,8.97,6.69,8.51,8.23,7.15,8.75,7.07,6.95,12.61,11.32,13.79,10.63,8.52,8.52,7.5,8.19,7.54,8.25,14.45,13.89,8.37,14.64,8.85,6.98,9.0,7.2,8.27,10.21,13.42,8.86,8.05,9.1,8.56,7.27,14.17,9.0,7.06,8.12,10.09,6.88,201201
9.0,8.73,7.18,12.03,9.02,16.34,10.96,10.53,9.04,6.12,8.51,7.94,7.05,8.43,7.06,6.9,12.49,11.42,14.31,10.5,8.21,8.6,7.45,8.28,7.35,7.97,14.74,13.53,8.39,14.72,8.54,7.56,8.9,7.06,8.23,10.21,13.25,8.8,7.94,9.33,8.61,6.98,13.94,8.96,7.07,8.12,10.12,6.76,201112
8.81,8.8,7.24,12.52,9.34,16.35,10.98,10.61,8.96,6.37,8.99,7.91,7.11,8.51,6.89,7.08,12.43,11.16,13.74,9.92,8.05,8.52,7.54,8.08,7.25,7.41,14.62,13.57,8.35,14.92,8.52,7.49,8.91,7.31,8.29,10.19,12.28,8.73,8.04,8.94,8.58,6.82,14.01,8.94,6.95,7.98,10.11,6.83,201111
9.14,9.76,7.28,13.24,9.28,16.31,11.13,10.6,9.08,6.24,8.86,8.16,7.41,8.63,6.89,7.95,12.1,11.47,13.54,10.29,8.47,8.51,7.8,8.11,7.73,8.72,14.41,13.52,9.46,15.79,8.88,7.65,8.86,7.87,8.08,10.22,11.61,8.54,8.24,9.19,8.74,7.61,13.84,8.85,6.73,8.05,10.05,6.86,201110
9.35,10.22,8.01,13.97,9.96,16.11,11.45,10.65,9.91,5.74,9.11,8.22,7.87,9.11,7.45,8.18,12.14,11.84,14.93,10.12,9.12,8.87,8.71,8.7,8.66,9.94,14.55,14.26,9.13,16.64,9.11,8.1,9.23,8.72,7.98,10.58,13.47,9.2,8.41,9.78,9.34,7.77,13.74,9.05,6.74,7.93,10.42,6.81,201109
9.73,10.55,8.17,14.23,10.15,16.17,11.63,10.73,10.69,6.63,9.35,8.15,8.34,9.56,7.6,8.19,12.57,12.05,14.76,11.24,9.17,9.03,9.98,8.42,8.85,10.06,14.67,15.2,9.8,17.11,8.93,8.13,9.57,8.52,7.97,10.79,13.18,9.15,8.35,9.75,9.62,7.58,13.84,9.46,6.69,8.11,10.45,6.52,201108
9.71,10.76,8.15,14.64,10.19,16.35,11.62,10.71,10.46,6.71,9.43,8.31,8.57,9.63,7.62,8.22,12.51,12.02,14.0,11.04,9.28,8.97,9.91,8.47,8.97,10.21,14.65,15.05,9.47,17.2,9.0,8.15,9.67,8.43,7.97,10.87,12.37,9.24,8.52,9.79,9.34,7.7,13.76,9.3,6.65,8.04,10.65,6.57,201107
9.65,10.5,7.88,13.96,9.9,16.41,11.68,10.68,10.51,6.91,9.3,8.13,7.88,9.45,7.49,8.23,12.33,12.22,14.82,10.92,9.05,9.15,9.46,8.16,8.45,9.11,14.87,14.81,9.05,16.79,8.71,8.2,9.3,8.32,7.92,10.53,13.33,8.97,8.49,9.47,9.28,7.58,13.77,9.03,6.4,7.71,10.56,6.43,201106
9.08,10.06,7.32,12.64,9.15,16.34,11.88,10.61,9.5,6.53,9.03,7.94,7.28,8.91,7.39,7.59,12.45,12.11,14.0,10.36,8.7,8.81,8.56,8.21,7.67,8.5,14.96,14.15,8.2,15.65,8.29,7.55,8.81,7.57,7.95,10.33,12.32,8.65,8.02,8.97,8.83,6.95,13.87,8.58,6.65,7.84,10.01,6.48,201105
8.44,9.33,7.11,12.09,9.18,16.41,11.5,10.46,9.16,6.34,8.78,7.83,7.21,8.63,6.87,7.48,12.31,12.09,13.47,9.95,8.58,8.66,7.55,8.02,7.55,8.4,14.73,13.87,8.07,15.1,8.27,7.3,8.73,7.49,7.97,10.33,12.59,8.38,7.79,8.91,8.59,6.58,13.68,8.45,6.7,7.75,10.03,6.58,201104
8.29,8.79,6.72,11.91,8.74,16.37,11.56,10.54,9.15,6.51,8.91,7.81,7.3,8.5,6.83,7.54,12.82,12.16,13.81,9.99,8.42,8.75,7.44,8.15,7.52,8.59,14.83,14.03,8.31,15.09,8.33,6.96,8.77,7.23,7.97,10.37,13.52,8.41,7.7,9.1,8.75,6.59,13.73,8.47,6.86,7.73,9.95,6.48,201103
8.71,8.75,6.77,12.21,8.8,16.21,11.6,10.52,8.92,6.48,8.84,7.87,7.26,8.33,6.99,7.21,13.19,12.34,13.75,10.21,8.32,8.64,7.29,8.15,7.13,8.6,14.91,14.44,8.31,15.37,8.57,6.94,8.75,7.17,8.13,10.4,14.11,8.57,7.59,8.91,8.94,6.58,13.79,8.37,6.89,7.61,10.04,6.44,201102
8.76,8.65,6.71,12.4,8.53,16.79,11.66,10.56,9.0,6.54,8.38,7.74,7.16,8.18,6.9,7.0,13.52,12.13,14.04,9.9,8.32,8.59,7.08,8.12,7.03,8.6,14.96,14.34,7.81,15.49,8.37,6.54,8.59,6.98,7.98,10.39,14.37,8.57,7.62,8.92,8.7,6.47,13.65,8.44,6.92,7.67,9.95,6.25,201101
8.86,8.69,6.89,12.17,8.43,16.93,11.92,10.84,8.63,6.49,8.48,7.8,7.37,8.04,6.86,7.02,13.27,12.3,14.13,9.54,8.39,8.4,7.15,7.86,7.0,8.51,14.91,14.06,7.76,15.69,8.32,7.0,8.97,7.16,7.63,10.09,13.48,8.57,7.64,8.87,9.02,6.35,13.49,8.57,6.97,7.62,9.72,6.08,201012
8.79,8.88,6.79,12.39,8.64,17.38,11.83,10.74,8.19,6.45,8.97,8.11,7.1,8.13,6.8,7.41,12.81,12.04,13.69,9.55,8.28,8.38,7.38,7.97,7.05,8.21,15.18,13.98,7.73,15.9,8.19,7.11,9.07,7.02,7.69,10.18,13.8,8.4,7.79,9.09,8.66,6.2,13.44,8.43,6.86,7.88,9.68,6.21,201011
9.06,9.7,6.99,13.09,8.85,17.3,12.15,10.8,8.43,6.33,9.02,7.92,7.33,8.18,6.93,8.15,12.48,12.17,13.94,9.54,8.15,8.52,7.52,8.04,7.36,9.21,15.14,13.97,8.26,16.14,8.64,7.33,9.12,7.74,7.62,10.16,13.5,8.33,8.02,9.39,9.15,7.0,13.52,8.58,6.69,7.47,9.63,6.3,201010
9.17,10.31,7.2,14.32,9.62,17.2,12.11,10.8,9.07,6.53,9.21,7.87,7.94,8.59,6.99,8.26,12.46,12.79,14.66,10.13,8.51,8.91,8.28,8.07,8.23,10.65,15.17,15.21,8.66,16.64,8.94,7.81,9.25,8.4,7.51,10.42,13.82,8.65,8.21,9.07,9.35,7.41,13.37,8.54,6.68,7.58,9.96,6.37,201009
9.59,10.59,7.4,14.28,9.78,17.19,12.26,10.87,9.75,6.61,9.79,7.93,8.86,9.06,7.57,8.13,12.85,12.94,14.85,10.59,9.04,9.11,9.27,8.18,8.47,10.61,15.17,15.78,9.44,17.25,9.1,7.69,9.51,8.36,7.44,10.72,14.85,8.98,8.3,9.01,9.63,7.57,13.23,8.9,6.61,7.7,10.17,6.35,201008
9.14,10.75,7.43,14.39,9.78,17.44,12.25,10.82,9.65,6.71,9.81,7.91,9.13,9.06,7.28,7.95,12.96,13.27,14.45,10.51,9.12,9.05,9.48,7.99,8.54,10.81,14.81,16.0,9.21,18.24,9.18,7.74,9.6,8.37,7.6,10.84,13.54,9.01,8.41,9.07,9.53,7.73,13.16,8.99,6.47,7.54,10.18,6.27,201007
9.16,10.5,7.82,13.91,9.86,17.39,12.32,10.73,9.43,6.68,9.64,7.59,7.86,8.65,6.92,7.56,12.64,13.14,14.26,10.25,8.72,8.84,8.99,7.68,8.17,10.23,14.7,15.66,8.78,17.33,8.68,7.59,9.47,8.1,7.48,10.49,14.57,8.74,8.24,8.82,9.57,7.56,13.23,8.81,6.51,7.15,10.04,6.12,201006
8.84,10.2,7.23,12.66,9.41,17.6,12.04,10.63,8.61,6.53,9.03,7.57,7.55,8.21,6.5,7.54,12.45,12.42,13.87,10.1,8.05,8.69,7.96,7.69,7.41,9.38,14.62,14.29,8.06,16.48,8.49,7.09,9.05,7.61,7.59,10.29,13.37,8.2,7.98,8.47,9.3,7.07,13.16,8.56,6.5,7.24,9.61,6.12,201005
8.62,8.85,7.13,11.79,9.21,17.56,11.8,10.67,8.37,6.44,8.8,7.43,7.36,8.1,6.32,7.82,12.46,12.63,14.44,9.89,7.99,8.56,6.9,7.61,6.94,9.53,14.66,13.69,8.05,15.86,8.51,6.8,8.91,7.29,7.55,10.15,14.13,8.07,7.63,8.27,9.34,6.71,13.06,8.52,6.56,7.24,9.43,6.03,201004
8.33,8.71,7.32,12.18,8.64,17.5,11.57,10.79,8.56,6.54,9.0,7.28,7.29,8.04,5.81,8.4,12.88,12.69,14.28,9.38,8.12,8.14,6.64,7.75,7.27,9.32,14.61,13.91,8.18,15.29,8.61,6.56,8.84,6.7,7.66,10.15,15.29,7.51,7.41,7.88,9.38,6.58,13.2,8.54,6.62,7.28,9.55,6.26,201003
8.22,8.68,7.36,11.83,8.67,17.56,11.75,10.74,8.6,6.51,8.73,7.33,6.78,7.94,6.48,7.76,13.3,12.91,14.06,9.36,8.22,8.17,6.49,7.64,6.9,9.62,14.32,14.06,8.14,15.76,8.61,6.69,8.86,6.77,7.49,10.39,14.39,8.49,7.34,7.68,9.49,6.4,13.11,8.89,6.68,7.34,9.64,6.18,201002
8.54,8.54,7.49,12.29,8.55,17.63,11.58,8.58,8.41,6.6,8.67,7.25,6.94,7.55,6.33,7.47,13.41,12.74,14.29,9.45,8.05,8.03,6.43,7.61,6.53,9.2,14.71,14.25,7.99,15.54,8.43,6.32,8.89,6.67,7.43,9.7,14.22,8.5,7.14,7.73,9.43,6.4,12.95,8.79,6.66,7.28,9.57,6.1,201001
8.66,8.65,7.41,12.21,8.44,17.77,12.02,11.29,8.43,6.97,8.54,7.31,7.02,7.49,6.22,6.56,13.29,12.45,14.21,9.64,7.99,8.32,6.54,7.59,6.52,9.95,14.84,13.85,7.74,15.44,8.29,6.29,8.72,6.33,7.57,9.49,13.95,8.11,7.25,8.01,9.36,6.19,13.03,8.75,6.71,6.9,9.15,5.97,200912
8.12,8.76,7.2,11.36,8.71,17.95,12.02,11.52,8.29,6.52,8.85,7.29,6.84,7.75,6.04,6.13,12.79,12.62,14.6,9.16,7.95,8.5,6.48,7.5,6.7,9.13,14.71,13.6,7.52,14.67,8.38,6.6,8.7,6.48,7.73,9.41,14.19,8.42,7.36,8.05,9.24,6.18,12.66,8.73,6.71,7.03,9.22,6.04,200911
8.04,9.74,7.29,13.23,8.79,18.13,12.04,11.4,8.65,6.53,8.96,7.36,7.02,7.94,6.07,6.68,12.55,12.77,15.0,9.32,7.94,8.63,6.97,7.68,7.04,10.29,14.81,13.7,8.06,15.77,8.68,6.66,8.78,7.1,7.54,9.52,14.12,8.4,7.5,8.36,9.39,6.89,12.98,8.69,6.55,6.75,9.16,6.28,200910
8.7,10.09,7.45,14.72,8.93,17.87,12.06,11.39,8.91,6.62,9.14,7.6,7.8,8.22,6.48,6.69,12.47,13.02,15.79,9.72,7.96,8.8,7.79,7.65,7.72,11.43,14.58,14.93,8.13,16.44,8.74,7.06,9.05,7.26,7.45,9.61,14.87,8.41,7.64,8.5,9.64,7.22,12.81,9.06,6.47,6.45,9.53,6.29,200909
9.2,10.39,7.87,14.91,8.86,18.02,12.38,11.37,9.24,6.79,9.15,7.78,8.37,8.47,7.06,6.78,12.98,13.42,15.29,10.09,8.8,8.8,8.6,7.6,7.99,11.48,14.63,15.57,8.68,16.43,8.56,7.12,9.55,7.39,7.37,9.93,13.26,8.56,7.67,8.65,9.85,7.38,12.76,8.99,6.48,6.64,9.5,6.33,200908
9.07,10.38,8.02,15.0,8.83,18.07,12.29,11.47,9.34,7.06,9.17,7.77,8.82,8.3,7.11,6.98,12.82,13.54,15.35,9.91,8.82,8.85,8.61,7.68,8.32,11.5,15.38,15.91,8.55,16.48,8.8,7.14,9.58,7.36,7.51,9.82,13.21,8.73,7.74,8.59,10.02,7.49,12.7,8.92,6.47,6.52,9.62,6.33,200907
9.66,10.12,7.63,14.13,8.2,18.22,12.23,11.34,9.44,6.93,9.28,7.74,7.67,8.47,6.86,6.45,12.64,13.21,15.86,9.89,8.65,9.09,8.62,7.66,7.85,10.27,15.42,15.49,8.33,15.89,8.38,7.18,9.42,7.02,7.46,9.98,14.92,8.59,7.67,8.87,10.27,7.51,12.7,9.23,6.4,6.63,9.77,6.09,200906
8.61,10.04,7.31,13.16,7.93,18.11,12.44,11.36,8.52,6.02,9.25,7.71,7.06,7.98,6.42,7.32,12.45,13.15,15.42,9.54,8.01,9.01,7.65,7.54,7.14,9.7,15.27,14.04,7.64,14.78,8.29,6.87,9.3,6.71,7.43,9.59,13.64,8.33,7.52,8.81,9.87,6.85,12.74,9.09,6.46,6.69,9.16,6.05,200905
8.75,9.04,7.26,12.17,7.9,18.09,12.25,11.46,8.38,6.16,9.34,7.7,7.08,7.9,6.34,7.41,12.77,12.86,15.56,8.6,7.89,8.96,6.83,7.36,6.96,9.8,15.84,13.9,7.68,14.1,8.31,6.45,9.1,6.66,7.37,9.66,14.1,8.14,7.21,8.81,9.74,6.53,12.74,8.87,6.55,6.68,9.16,5.95,200904
8.68,8.71,7.7,12.19,7.63,18.12,12.38,11.73,8.48,6.11,9.41,7.84,7.04,7.86,6.44,7.87,13.33,13.27,15.74,8.84,8.1,8.97,6.86,7.58,7.11,9.79,15.22,13.92,8.37,14.39,8.39,6.32,8.92,6.45,7.36,9.42,12.91,8.32,7.14,9.23,10.02,6.32,12.78,8.94,6.71,6.69,9.15,6.07,200903
9.01,8.67,7.74,12.26,7.75,18.35,12.12,11.98,8.81,6.14,9.45,7.75,6.86,7.85,6.68,8.07,14.61,13.43,16.12,8.9,7.88,9.19,6.59,7.55,6.73,9.66,15.27,14.27,8.35,14.99,8.48,6.34,8.57,7.43,7.51,9.63,16.39,8.45,7.13,9.13,10.41,6.22,12.7,8.98,6.75,6.63,9.4,5.9,200902
9.14,8.48,7.64,12.33,7.52,18.13,12.2,11.72,8.69,5.99,9.27,7.58,6.78,7.24,6.55,8.12,14.6,13.17,16.34,9.1,7.71,9.05,6.35,7.53,6.32,9.89,15.22,14.35,7.87,15.38,8.32,6.08,8.59,6.81,7.36,9.23,15.69,8.4,6.99,9.16,10.41,6.19,12.47,8.91,6.72,6.28,9.62,5.78,200901
9.02,8.48,7.5,11.64,8.01,17.88,12.4,11.14,8.46,5.97,9.2,7.28,7.01,6.97,6.25,8.65,14.27,13.0,16.59,9.01,7.55,9.26,6.32,7.51,6.13,9.63,15.2,13.69,7.65,14.76,8.19,6.34,8.41,6.5,7.26,9.15,17.14,8.08,6.94,9.29,10.82,5.97,12.45,8.73,6.77,5.8,8.92,5.68,200812
9.27,8.36,7.5,12.48,8.3,18.11,12.28,11.02,8.55,5.94,9.66,7.58,6.29,6.99,6.51,9.51,13.96,12.63,16.12,8.74,7.67,9.29,6.56,7.44,6.27,9.02,15.01,13.58,7.81,15.01,7.82,6.75,8.57,7.34,7.34,9.3,17.54,8.03,7.12,9.2,10.56,6.09,12.39,8.56,6.74,5.84,9.14,5.58,200811
9.42,9.19,7.66,12.47,8.35,18.33,12.68,11.16,8.87,5.89,9.53,7.64,6.55,7.26,6.58,10.2,13.64,13.75,16.96,8.88,7.52,9.31,6.54,7.69,6.47,9.79,15.36,13.83,8.44,15.83,8.3,6.93,8.58,8.18,7.3,9.36,15.6,8.05,7.44,9.2,10.98,6.7,12.36,8.48,6.54,5.7,8.93,5.98,200810
9.26,9.5,8.11,13.32,9.41,18.37,13.16,11.16,9.29,5.88,9.51,7.42,7.31,7.61,6.46,10.46,13.58,14.01,16.31,9.01,7.89,9.6,7.12,8.15,7.27,9.88,15.17,15.44,9.01,17.6,8.29,7.15,8.54,8.69,7.18,9.35,16.0,8.23,7.56,8.19,11.33,6.99,12.5,8.66,6.48,5.72,9.32,5.72,200809
9.33,9.99,8.13,14.07,9.63,19.24,12.84,11.23,9.79,5.95,9.65,7.48,7.96,8.27,6.83,11.07,14.07,13.73,17.14,9.67,8.42,9.91,8.03,8.1,7.35,9.87,15.1,16.42,9.53,18.81,8.3,7.03,8.79,9.16,7.1,9.76,16.7,8.42,7.42,8.26,11.9,7.05,12.29,8.93,6.49,5.82,9.42,5.85,200808
9.47,10.01,8.43,13.62,9.58,18.2,13.07,10.85,9.94,5.9,9.83,7.4,7.79,8.75,6.98,10.41,14.07,14.12,17.08,9.8,8.68,9.93,8.08,7.94,7.34,10.81,15.08,16.81,9.26,18.92,8.47,7.01,8.89,9.24,7.04,9.83,16.88,8.3,7.45,8.35,12.22,7.13,12.37,8.92,6.47,5.68,9.46,5.87,200807
9.2,9.89,8.36,13.67,8.94,17.64,13.14,10.68,9.94,6.03,9.61,7.03,7.24,8.24,6.77,9.42,13.5,13.47,16.73,9.14,8.24,9.0,7.99,7.64,7.2,10.21,14.77,16.35,9.03,17.98,7.97,7.02,8.71,8.72,7.08,9.7,14.97,8.26,7.39,8.21,11.92,7.04,12.42,7.69,6.32,5.42,9.22,5.81,200806
7.88,9.44,7.53,12.01,8.74,17.85,12.12,10.45,8.34,5.27,9.04,6.89,6.71,7.43,5.91,9.35,13.44,12.37,16.45,8.43,7.62,8.63,7.06,7.86,6.34,9.68,14.38,13.57,8.19,16.34,7.68,6.6,8.37,7.54,7.13,9.25,20.17,7.62,7.22,7.93,10.62,6.45,12.35,7.3,6.16,5.49,8.86,5.84,200805
7.49,8.61,7.31,11.23,8.63,17.33,12.04,10.35,8.24,5.37,8.99,6.92,6.59,7.13,5.79,8.94,13.59,12.28,15.14,8.65,7.24,8.36,6.3,7.7,6.24,9.66,13.96,12.82,7.73,15.81,7.65,6.6,8.14,7.05,7.36,9.11,13.64,7.27,6.93,7.86,10.52,6.23,12.26,7.18,6.55,5.44,8.89,5.52,200804
7.22,8.26,6.98,11.46,7.82,16.56,11.63,10.26,8.13,5.43,8.77,6.33,6.52,7.07,5.87,8.66,13.96,12.11,15.64,8.56,7.42,8.07,6.01,7.66,6.33,9.82,13.87,12.84,7.48,15.02,7.61,6.46,7.97,6.89,7.32,9.06,15.74,7.21,6.84,7.29,10.1,5.96,12.49,7.11,6.65,5.45,8.65,5.51,200803
7.49,8.16,6.71,11.55,7.77,17.12,11.49,10.11,7.82,5.27,8.54,6.6,6.25,6.51,5.72,7.88,13.46,12.15,15.09,8.56,7.53,7.89,5.88,7.51,5.94,9.79,13.87,12.95,7.76,15.22,7.46,6.56,7.96,6.81,7.35,9.06,13.71,7.12,6.81,7.23,9.77,5.99,12.07,7.08,6.66,5.49,8.64,5.46,200802
7.68,8.04,6.6,11.55,7.56,16.93,11.54,10.18,7.88,5.31,8.31,6.55,6.32,6.44,5.56,7.86,13.92,12.1,15.45,8.51,7.56,8.06,5.8,7.47,5.8,9.84,13.88,12.92,7.73,15.24,7.59,6.18,7.78,6.49,7.42,8.97,14.31,7.33,6.73,7.29,10.14,5.98,12.05,7.09,6.64,5.45,8.56,5.29,200801
7.31,7.92,6.79,11.97,7.6,16.09,11.46,10.23,7.45,5.2,8.45,6.38,6.42,6.25,5.83,8.3,15.53,11.94,14.49,8.38,7.44,7.91,5.91,7.27,5.8,9.87,13.97,12.75,7.57,15.08,7.79,6.36,7.68,6.94,7.27,8.89,13.43,7.08,6.76,7.23,9.73,5.8,12.02,7.04,6.64,5.51,8.37,5.29,200712
7.35,8.03,6.91,12.29,7.78,15.99,11.46,10.4,7.41,5.25,8.56,6.65,6.28,6.4,5.71,7.81,14.94,11.66,14.62,8.3,7.06,7.95,5.99,6.96,5.79,9.38,13.64,12.43,7.55,14.71,7.77,6.5,7.79,7.2,7.33,8.98,13.47,7.07,6.9,7.23,9.74,5.83,12.15,7.08,6.59,5.52,8.38,5.18,200711
7.58,8.93,6.88,12.61,7.91,15.97,11.59,10.42,7.51,5.18,8.67,6.58,6.57,6.67,5.63,8.6,14.45,12.12,14.88,8.16,7.08,8.06,5.95,7.37,6.26,10.06,14.06,12.56,7.65,15.26,8.06,6.63,7.77,7.66,7.25,9.05,13.15,7.14,7.08,7.26,10.14,6.53,12.13,7.1,6.51,5.43,8.37,5.47,200710
7.71,9.12,7.32,13.85,7.6,16.0,11.7,10.4,8.14,5.37,8.66,6.8,7.17,7.01,5.8,8.25,14.47,12.28,15.45,8.19,7.34,8.14,6.78,7.25,6.93,10.62,13.61,14.28,7.52,15.51,8.22,6.86,8.07,8.02,7.19,9.15,14.46,7.48,7.25,6.98,10.3,6.91,12.05,7.39,6.37,5.46,8.63,5.3,200709
8.45,9.3,7.5,13.99,7.45,16.14,11.88,10.43,9.13,5.49,8.9,6.83,7.71,7.38,6.39,8.62,14.34,12.69,15.32,9.03,7.87,8.44,7.85,7.3,7.03,10.69,14.1,15.29,7.77,16.33,8.18,6.76,8.44,8.04,7.06,9.39,12.43,7.62,7.19,7.13,10.28,6.91,12.12,7.55,6.21,5.61,8.85,5.29,200708
7.8,9.37,7.41,14.08,7.58,16.7,11.75,10.4,8.31,5.28,8.56,6.72,7.7,7.59,6.37,8.66,14.25,12.62,15.15,8.76,8.27,8.21,7.81,7.32,7.16,11.08,14.11,15.09,7.61,15.98,8.22,6.91,8.44,7.9,7.13,9.5,13.37,7.52,7.24,7.11,10.37,7.18,12.04,7.43,6.47,5.42,8.86,5.34,200707
7.97,8.84,6.81,13.66,8.22,16.51,11.5,10.33,8.29,5.16,8.59,6.49,7.13,7.49,6.34,8.35,14.03,12.4,15.41,8.83,8.17,8.28,7.72,7.21,6.77,10.09,13.98,14.43,7.55,15.92,7.71,6.77,8.15,7.62,6.88,9.31,13.2,7.23,7.08,7.12,10.41,6.96,12.07,7.3,6.16,5.2,8.83,5.3,200706
7.48,8.8,6.45,12.24,7.88,16.53,11.05,10.26,7.41,4.64,8.26,6.51,6.57,6.89,5.64,8.75,14.35,10.69,14.32,8.46,7.1,8.13,6.71,7.11,6.09,9.31,13.89,11.95,7.28,15.22,7.56,6.36,7.92,7.0,6.71,9.21,12.6,6.85,6.81,7.07,10.1,6.42,12.07,6.97,6.11,5.22,8.39,5.37,200705
7.32,7.88,6.32,11.74,7.87,16.64,11.01,10.32,7.78,4.65,8.05,6.52,6.53,6.65,5.75,8.55,14.24,10.46,15.04,8.45,7.46,8.0,5.99,6.93,5.85,9.26,13.94,11.36,7.19,14.73,7.52,6.1,7.73,6.86,6.79,8.98,13.1,6.77,6.71,7.01,10.05,6.05,12.03,6.85,6.21,5.16,8.16,5.14,200704
7.14,7.72,7.0,11.89,7.86,16.73,10.89,10.32,7.41,4.91,8.12,6.31,6.43,6.51,5.47,8.3,15.5,10.38,15.27,8.59,7.1,7.72,5.79,7.13,6.11,9.28,14.07,11.45,7.04,14.71,7.65,6.39,7.59,6.49,6.84,8.86,12.62,6.84,6.72,6.9,10.1,6.03,12.04,6.89,6.3,5.17,8.07,5.4,200703
7.31,7.59,6.83,11.98,7.71,17.14,10.87,10.25,7.56,4.74,8.31,6.18,6.56,6.34,5.64,8.37,14.59,10.18,15.87,8.62,7.12,7.66,5.68,6.81,5.61,9.48,13.98,11.67,7.37,14.44,7.55,5.8,7.55,6.66,6.88,8.8,12.74,7.16,6.47,6.9,9.99,6.06,11.94,6.84,6.3,5.2,8.4,5.28,200702
6.99,7.52,6.81,12.42,7.76,16.97,10.9,10.17,7.15,4.75,8.28,6.01,6.49,6.29,5.41,8.06,14.36,10.17,16.02,8.38,6.96,7.56,5.73,6.91,5.64,9.48,14.36,11.26,6.98,14.33,7.5,5.84,7.64,6.39,6.86,8.77,13.03,7.01,6.47,6.92,9.93,5.86,11.82,6.83,6.43,5.16,8.27,5.19,200701
6.64,7.69,6.91,12.14,7.17,16.09,10.9,10.3,7.12,4.77,6.68,6.27,6.41,6.04,5.48,7.56,12.59,10.31,15.06,8.19,6.71,7.47,5.59,7.23,5.78,9.47,13.73,11.41,7.19,14.43,7.48,5.85,7.45,5.7,6.75,8.52,13.28,6.98,6.51,6.93,9.78,5.52,11.34,6.59,6.74,5.1,8.09,5.38,200612
6.61,7.66,6.9,12.38,7.18,14.99,11.05,10.45,7.15,4.77,6.63,6.33,6.44,6.15,5.28,8.0,11.82,10.25,14.42,7.99,6.9,7.58,5.62,7.32,5.74,9.06,13.12,11.25,6.9,14.65,7.45,6.07,7.6,6.42,6.78,8.72,13.29,7.15,6.72,6.93,9.85,5.47,11.46,6.9,6.61,5.12,8.06,5.15,200611
6.68,8.66,7.0,12.16,7.46,14.89,11.12,10.54,7.49,4.67,7.15,6.46,6.82,6.8,5.31,9.11,11.28,10.82,14.84,8.0,6.91,7.75,5.82,7.4,5.9,9.73,13.59,11.31,7.57,15.62,7.67,6.55,7.71,7.21,6.64,8.54,13.85,7.05,6.87,6.95,10.22,6.04,11.43,6.79,6.5,5.1,8.13,5.52,200610
7.49,8.83,7.61,13.85,7.57,15.84,11.61,10.59,7.78,4.7,7.49,6.44,7.6,7.36,5.45,8.71,10.92,11.11,15.75,8.08,6.9,8.31,6.48,7.11,6.65,10.16,13.36,12.79,7.49,16.3,7.99,6.88,7.75,7.96,6.55,8.67,13.94,7.32,6.92,7.14,10.69,6.29,11.45,6.99,6.22,5.14,8.34,5.37,200609
8.13,8.86,8.08,13.96,7.6,15.6,11.88,10.64,8.68,4.75,7.76,6.73,7.89,7.54,6.22,8.31,11.77,10.89,16.27,8.83,7.64,8.44,7.31,6.99,6.82,10.24,12.91,14.27,7.65,16.66,7.91,6.72,8.12,8.09,6.48,8.99,14.16,7.48,6.87,7.26,11.04,6.38,11.54,7.26,6.18,5.11,8.53,5.33,200608
7.75,8.91,7.46,15.17,7.74,14.82,11.91,10.53,8.3,4.79,7.94,6.74,7.89,7.65,6.18,8.26,11.56,10.74,15.44,8.65,8.04,8.37,7.46,6.76,6.76,10.43,13.53,14.04,7.36,16.33,7.79,6.62,8.18,7.63,6.48,9.14,14.08,7.35,7.2,7.32,10.84,6.59,11.48,7.17,6.07,5.07,8.65,5.3,200607
7.82,8.89,7.0,13.9,7.64,14.72,11.48,10.51,7.96,4.9,7.57,6.61,7.18,7.42,6.09,8.1,12.32,10.91,15.69,8.23,7.58,8.92,7.44,6.58,6.48,9.82,14.36,13.17,7.33,15.67,7.46,6.38,8.09,7.62,6.4,8.97,14.65,7.1,6.88,7.21,10.77,6.48,11.49,7.08,6.02,4.92,7.78,5.33,200606
6.85,8.69,6.58,12.31,7.32,14.42,9.96,10.39,7.31,5.02,7.06,6.68,6.56,6.96,5.17,7.77,11.74,9.11,14.68,8.31,6.78,8.57,6.67,6.46,5.89,9.33,14.63,10.67,7.01,14.62,7.25,6.2,7.65,6.91,6.46,8.63,14.29,6.63,6.82,7.01,10.2,6.13,11.42,6.84,5.99,4.98,8.12,5.17,200605
7.01,7.61,6.44,12.04,7.84,15.13,7.89,10.37,7.32,5.21,6.7,6.69,6.64,6.74,5.04,7.87,11.54,8.79,14.98,8.06,6.35,8.64,5.82,6.45,5.71,8.86,14.5,10.31,7.18,14.42,7.28,6.03,7.53,7.19,6.48,8.62,14.1,6.62,6.47,7.0,10.06,5.78,11.32,6.66,6.07,4.96,8.08,5.26,200604
6.43,7.22,6.3,11.69,8.21,14.08,7.8,10.35,7.2,5.25,6.54,6.35,6.75,6.68,4.97,8.23,11.77,8.69,15.79,7.65,6.18,8.73,5.56,6.8,5.84,9.07,14.26,10.53,7.22,14.11,7.27,5.81,7.51,6.97,6.6,8.4,14.53,6.5,6.46,6.6,9.98,5.72,11.21,6.66,6.22,5.01,7.78,5.29,200603
6.46,7.2,6.41,11.72,7.96,14.22,7.76,10.34,7.42,5.24,6.56,6.17,6.84,6.26,4.93,9.07,12.42,8.66,16.6,7.62,6.77,8.69,5.54,7.05,5.65,9.0,14.5,10.42,7.6,14.91,7.26,5.89,7.48,7.44,6.55,8.56,13.74,6.61,6.46,6.59,10.05,5.56,11.19,6.57,6.17,5.01,7.95,5.17,200602
6.23,7.16,6.48,11.25,7.67,13.19,7.64,10.21,7.05,5.15,6.32,6.02,6.66,6.37,4.86,8.51,11.88,8.66,15.6,7.76,6.6,8.45,5.45,6.82,5.22,9.27,13.85,10.31,7.85,14.75,7.31,5.77,7.29,7.85,6.22,8.26,13.72,6.68,6.24,6.59,9.96,5.61,11.15,6.6,5.17,4.96,7.85,4.97,200601
6.67,7.09,6.37,11.15,8.38,12.14,7.82,8.9,8.06,5.21,6.39,5.89,6.5,6.23,4.88,9.28,10.65,8.16,13.23,7.19,6.68,8.18,5.41,7.01,5.29,9.7,13.79,10.86,7.9,14.53,7.22,5.58,6.96,6.7,6.65,8.23,13.82,7.04,6.36,6.67,9.78,5.44,11.1,6.47,6.16,5.1,7.7,5.06,200512
6.7,7.11,6.34,11.14,8.35,12.27,7.76,8.98,7.35,5.12,6.63,6.04,6.22,6.39,4.81,9.93,11.17,8.04,12.78,7.22,6.4,8.42,5.52,7.05,5.46,8.94,13.02,10.18,7.8,14.72,7.32,5.95,7.06,6.67,6.46,8.26,13.38,6.6,6.61,6.6,9.67,5.39,10.85,6.53,5.9,5.15,7.5,5.04,200511
6.58,8.12,6.65,11.27,7.53,12.28,7.68,8.93,7.36,5.18,7.13,6.09,6.31,6.64,4.84,9.25,9.87,8.06,12.07,7.07,6.52,8.25,5.54,6.89,5.7,9.22,12.81,10.48,7.94,15.37,7.5,6.17,7.09,7.87,6.42,8.23,12.38,6.85,6.75,6.41,10.13,6.1,11.07,6.52,5.94,5.14,7.59,5.25,200510
7.17,8.32,7.1,12.29,7.67,12.56,8.4,8.89,8.37,5.15,7.31,5.9,6.96,7.2,5.12,8.39,11.16,8.84,12.78,7.54,7.03,8.32,6.12,6.85,6.58,9.33,13.49,12.15,7.75,15.31,7.47,6.56,7.2,8.18,6.18,8.43,12.29,7.09,6.95,6.33,10.13,6.42,10.85,6.92,5.78,5.09,7.69,5.21,200509
6.88,8.3,6.85,12.7,7.59,12.45,8.4,8.86,8.11,5.3,7.54,6.07,7.57,7.17,5.8,8.4,9.77,8.99,12.46,7.6,7.07,7.71,7.06,6.9,6.67,9.39,12.78,12.72,7.85,15.21,7.44,6.51,7.5,7.58,6.19,8.57,12.07,7.11,6.68,6.35,9.82,6.42,10.91,6.97,5.84,5.16,7.85,5.17,200508
6.9,8.32,6.67,13.16,7.8,12.37,8.25,8.74,7.81,5.32,7.75,6.02,7.55,7.01,5.67,8.23,9.95,8.86,12.4,7.68,7.15,7.64,7.17,6.83,6.79,9.47,11.93,12.07,7.71,14.58,7.34,6.37,7.42,7.25,6.14,8.63,12.13,7.06,6.95,6.31,9.49,6.5,10.92,6.95,5.71,5.24,7.78,5.31,200507
6.79,8.32,6.59,12.5,7.77,12.34,8.06,8.71,7.45,5.33,7.31,5.96,7.13,6.64,5.53,7.96,10.11,8.71,12.17,7.47,7.36,7.48,7.13,6.67,6.2,8.99,11.9,12.11,7.61,13.96,7.05,6.37,7.32,7.2,6.2,8.57,11.68,6.66,6.98,6.32,9.19,6.46,10.96,6.73,5.65,5.19,7.79,5.14,200506
6.24,8.2,6.07,11.19,7.44,11.92,7.31,8.7,6.88,4.92,6.74,5.87,6.49,6.26,4.87,7.04,9.94,7.9,11.5,6.82,6.26,7.18,6.67,6.74,5.65,8.43,12.26,10.04,7.19,13.08,6.93,5.89,7.05,6.08,6.23,8.2,11.42,6.44,6.72,6.19,8.51,5.96,10.88,6.5,5.73,5.19,7.26,5.2,200505
5.89,7.38,5.91,10.91,7.3,11.61,7.25,8.68,6.57,4.84,6.65,5.86,6.39,6.29,4.63,6.76,9.95,7.36,11.61,6.89,6.27,6.93,5.68,6.54,5.32,8.48,12.38,9.59,7.09,12.56,6.9,5.8,6.85,6.04,6.32,8.1,11.31,6.24,6.48,6.08,8.23,5.8,10.98,6.55,5.82,5.1,7.22,5.05,200504
5.87,7.05,5.63,10.44,7.24,11.63,7.25,8.67,6.95,5.0,6.56,5.57,6.22,6.19,4.54,7.05,10.51,7.42,11.59,7.07,6.06,6.98,5.57,6.4,5.69,8.46,12.29,9.73,6.92,12.5,6.98,5.51,6.83,6.0,6.41,7.96,11.41,6.39,6.38,6.15,8.13,5.69,10.98,6.41,5.8,5.18,7.03,5.17,200503
5.76,7.08,5.45,11.21,7.2,11.72,7.24,8.57,6.82,4.96,6.44,5.66,6.23,6.05,4.62,7.04,12.42,7.42,11.81,6.95,6.12,6.65,5.56,6.45,5.37,8.64,12.45,9.47,7.17,12.38,6.99,5.38,6.77,5.95,6.36,7.98,10.38,6.45,6.25,6.14,7.95,5.35,10.93,6.43,5.94,5.11,7.14,5.45,200502
5.68,6.97,5.37,10.85,7.28,11.3,7.27,8.43,6.81,4.97,6.46,5.57,6.24,5.88,4.68,6.89,12.07,7.33,11.53,7.01,6.13,6.49,5.34,6.29,5.11,8.59,11.28,9.51,6.94,12.42,6.94,5.23,6.71,5.63,6.47,7.98,11.1,6.43,6.1,6.11,7.71,5.34,10.91,6.48,5.99,5.19,7.05,4.86,200501
5.67,7.08,5.38,10.08,7.03,9.1,7.33,8.15,6.46,4.94,6.39,5.53,6.23,5.96,4.58,7.21,10.52,7.02,10.98,7.15,6.22,6.76,5.39,6.43,5.26,8.42,11.17,9.13,6.8,12.34,6.88,5.47,6.69,5.97,6.29,7.82,12.15,6.21,6.26,6.03,7.66,5.27,10.96,6.28,5.91,5.09,6.85,4.96,200412
5.64,7.05,5.51,11.26,6.95,9.39,7.15,8.15,6.39,4.97,6.18,5.74,6.11,6.15,4.51,6.61,9.63,7.16,10.78,6.72,5.97,6.84,5.44,6.43,5.39,8.38,11.44,8.88,6.82,12.35,6.87,5.61,6.82,5.78,6.35,7.96,11.01,6.14,6.33,6.12,7.76,5.35,11.17,6.32,5.86,5.18,6.86,5.01,200411
6.2,7.63,5.37,11.48,7.29,9.16,7.62,8.23,6.51,4.79,6.85,5.7,6.24,6.15,4.42,7.32,9.11,7.18,10.75,6.96,6.07,6.99,5.55,6.49,5.58,8.74,11.74,9.16,7.31,12.93,7.13,5.9,6.85,6.53,6.14,7.9,11.3,6.17,6.52,6.04,7.71,5.91,11.17,6.28,5.69,5.05,6.71,5.26,200410
6.28,7.94,6.0,11.97,7.12,9.61,8.21,8.2,6.83,5.15,7.1,5.66,6.72,6.76,4.78,7.56,9.26,7.79,11.74,7.04,6.47,7.45,6.16,6.64,6.19,9.06,11.58,11.64,7.35,13.49,7.28,6.12,6.9,7.06,6.09,8.21,10.15,6.46,6.68,6.14,8.34,6.06,10.98,6.54,5.69,5.07,7.07,5.14,200409
6.39,7.94,6.27,12.16,7.11,11.05,8.34,8.18,7.07,5.11,7.56,5.83,7.13,7.09,5.11,7.89,9.37,8.35,11.38,7.2,6.73,7.58,7.06,6.67,6.53,9.22,11.61,11.67,7.45,13.67,7.27,6.23,7.24,7.39,6.01,8.24,11.15,6.53,6.79,6.2,8.85,6.11,11.02,6.69,5.71,5.11,7.1,4.95,200408
6.43,7.91,6.26,12.39,7.09,10.78,8.29,8.09,7.02,5.05,7.53,5.8,7.34,6.93,5.14,7.38,9.36,8.19,11.26,7.2,7.03,7.55,7.13,6.64,6.48,9.35,11.49,11.65,7.42,13.7,7.2,6.15,7.27,7.52,6.03,8.34,11.04,6.53,6.88,6.2,8.58,6.16,11.09,6.76,5.6,5.21,7.17,5.16,200407
6.31,7.96,6.17,11.91,6.83,10.95,8.27,8.11,6.75,5.13,7.16,5.63,6.82,6.64,5.07,7.16,9.52,7.73,11.1,7.15,6.61,7.32,7.11,6.52,6.2,8.85,11.54,11.25,7.31,12.85,6.87,6.07,7.12,7.45,5.92,8.2,10.76,6.39,6.81,6.25,8.55,6.25,11.05,6.61,5.6,5.09,7.19,5.0,200406
6.03,7.84,5.73,10.86,6.94,10.7,7.16,8.07,6.58,4.86,6.65,5.53,6.02,6.4,4.5,7.01,9.37,7.04,9.93,6.62,6.11,6.97,6.53,6.33,5.46,8.26,11.47,10.16,7.21,11.95,6.7,5.68,6.87,6.07,6.11,8.03,10.46,6.06,6.44,6.15,7.86,5.82,11.07,6.48,5.55,5.17,6.8,5.16,200405
6.12,6.9,5.44,10.23,6.88,10.61,7.04,8.49,6.42,4.8,6.63,5.49,5.99,6.16,4.32,6.89,9.35,6.36,10.38,6.82,5.86,6.81,5.64,6.27,5.37,8.1,11.16,9.81,6.81,11.63,6.73,5.51,6.88,6.5,6.16,7.93,10.5,6.1,6.35,6.07,7.52,5.48,10.93,6.28,5.72,5.1,6.75,4.78,200404
5.96,6.78,5.16,10.98,6.74,10.19,6.9,8.09,6.34,4.95,6.58,5.47,5.94,5.96,4.33,6.88,10.51,6.32,10.09,6.74,5.92,6.45,5.62,6.22,5.46,7.82,11.23,9.74,6.83,11.78,6.86,5.45,6.86,5.91,6.44,7.88,10.93,5.79,6.22,6.12,7.27,5.31,10.99,6.27,6.07,5.15,6.53,4.77,200403
5.86,6.82,5.18,11.41,6.73,10.93,6.84,8.13,6.26,4.99,6.34,5.3,5.98,5.86,4.4,6.61,10.74,6.33,10.62,6.82,5.79,6.44,5.43,6.11,5.23,7.92,11.51,9.51,6.91,11.93,6.88,5.23,6.55,5.62,6.41,7.78,11.09,6.01,6.09,6.17,7.24,5.19,10.93,6.23,6.03,5.14,6.68,4.81,200402
5.83,6.63,5.15,11.08,6.62,10.43,6.92,8.08,6.11,4.89,6.37,5.25,6.07,5.9,4.36,6.59,9.54,6.3,10.1,6.84,5.92,6.38,5.34,6.11,4.94,7.69,10.62,9.89,6.8,11.62,6.82,5.23,6.64,5.43,6.44,7.75,10.91,6.09,6.02,6.11,7.31,5.18,10.95,6.33,5.96,5.16,6.76,4.81,200401
5.9,6.66,4.98,11.26,6.67,10.15,6.51,7.87,5.88,4.9,6.41,5.27,5.75,5.77,4.3,6.37,10.83,5.77,10.72,6.78,5.78,6.08,5.34,6.02,5.18,7.93,10.83,9.27,6.78,11.67,6.7,4.88,6.59,4.94,6.27,7.92,11.6,6.07,6.01,6.04,6.87,5.32,11.06,6.11,5.89,5.09,6.6,3.78,200312
5.56,6.62,5.04,11.65,7.03,10.17,6.84,8.0,5.98,4.86,6.47,5.42,5.75,5.88,4.28,6.42,10.36,5.83,10.35,6.52,5.52,6.09,5.44,6.05,5.08,7.52,10.9,9.45,6.76,11.9,6.72,5.1,6.58,5.27,6.37,7.9,10.78,5.99,6.17,5.95,6.89,4.93,11.0,6.1,5.84,5.24,6.63,4.89,200311
5.61,7.79,5.24,10.72,7.12,10.71,6.48,8.01,6.26,4.85,6.92,5.45,5.85,5.99,4.21,7.15,9.53,6.19,10.93,6.87,5.7,6.14,5.63,6.13,5.44,8.13,10.96,9.31,7.15,12.87,7.04,5.62,6.7,6.21,6.14,7.97,10.67,6.04,6.34,6.0,7.13,5.61,11.05,6.21,5.72,5.1,6.53,4.97,200310
6.11,7.79,5.79,10.24,6.91,10.69,7.5,7.91,6.51,5.06,7.13,5.36,6.38,6.69,4.42,7.45,9.35,7.14,11.99,6.74,6.15,6.55,5.95,6.6,6.38,8.63,10.95,10.54,7.27,13.3,7.21,5.87,6.9,6.81,6.1,8.33,11.1,6.31,6.63,5.74,7.65,5.65,11.0,6.35,5.88,5.13,6.8,4.92,200309
6.31,7.88,6.18,12.73,6.9,10.52,7.74,7.9,6.92,4.93,7.46,5.56,6.78,6.96,4.92,7.52,9.76,7.28,11.58,7.18,6.75,6.74,7.1,6.66,6.38,8.68,10.87,11.46,7.46,13.42,7.13,5.93,7.04,7.31,6.08,8.3,11.59,6.37,6.74,5.89,8.13,5.62,11.07,6.52,5.83,5.17,6.92,4.87,200308
6.29,7.78,6.25,13.84,6.95,10.42,7.71,7.64,6.7,4.97,7.61,5.42,6.81,6.96,4.94,7.4,9.68,7.26,11.18,7.01,6.66,6.93,7.12,6.37,6.37,8.8,10.91,9.53,7.27,13.48,7.11,5.89,7.31,7.53,6.03,8.37,11.63,6.35,6.68,5.85,8.38,5.66,11.12,6.6,5.82,5.13,6.96,5.05,200307
6.16,7.99,6.07,13.0,7.01,10.37,7.26,7.67,6.58,4.94,7.1,5.4,6.58,6.69,4.86,7.26,9.71,6.69,11.15,7.06,6.58,6.89,6.97,6.08,6.08,8.46,10.98,9.39,7.23,12.81,6.73,5.86,6.8,7.31,6.1,8.15,10.14,6.12,6.7,5.73,8.28,5.6,11.03,6.47,5.78,5.12,6.82,5.06,200306
5.49,7.78,5.59,12.15,6.94,10.34,6.57,7.69,6.12,5.31,6.79,5.25,6.02,6.17,4.27,7.38,10.21,6.09,10.17,6.67,5.88,6.59,6.53,6.07,5.47,7.92,10.83,8.98,6.93,12.34,6.65,5.61,6.89,6.37,6.12,7.92,10.22,5.81,6.33,5.77,7.62,5.33,10.87,6.34,5.84,5.09,6.58,4.92,200305
5.82,6.79,5.34,11.73,6.51,9.91,6.71,7.75,6.25,5.59,6.71,5.38,5.94,6.24,4.16,7.13,9.82,5.78,9.65,6.52,5.75,6.5,5.6,5.93,5.19,8.18,10.76,8.93,6.75,12.51,6.67,5.5,6.5,5.86,6.2,7.81,9.11,5.85,6.33,5.71,7.26,5.53,10.94,6.1,5.91,5.09,6.65,4.72,200304
5.54,6.64,5.53,10.62,6.39,9.63,6.66,7.38,6.06,5.87,6.62,5.31,5.9,6.21,4.19,6.86,10.58,5.89,9.95,6.93,5.82,6.33,5.43,5.96,5.41,8.17,10.89,8.85,6.77,12.15,6.8,5.32,6.54,6.51,6.14,7.91,9.48,5.89,6.19,5.82,7.55,5.24,10.86,6.17,5.82,5.18,6.38,4.67,200303
5.61,6.71,5.24,11.65,6.42,9.57,6.65,7.33,6.04,5.84,6.5,5.32,5.71,6.07,4.26,5.89,9.08,5.82,9.68,7.0,5.75,6.2,5.37,5.91,5.17,8.22,10.74,8.75,6.7,11.53,6.7,5.19,6.49,5.82,6.17,7.78,9.85,5.98,6.11,5.84,6.94,5.09,10.89,6.1,5.99,5.16,6.4,4.86,200302
5.9,6.46,5.14,11.52,6.24,9.45,6.56,7.38,6.21,5.85,6.38,5.26,5.6,5.93,4.19,5.86,9.0,7.37,9.21,6.85,5.53,6.15,5.22,5.84,4.94,8.27,10.38,8.66,6.71,11.05,6.77,5.13,6.4,5.32,6.44,7.82,8.93,5.98,5.98,5.71,6.62,5.2,10.87,6.08,6.0,5.02,6.38,4.5,200301
5.47,6.56,5.14,11.94,5.83,9.61,6.46,7.15,5.66,5.65,6.43,5.1,5.65,5.94,4.03,6.07,10.79,5.07,9.94,7.14,5.55,5.95,5.32,5.79,5.15,8.08,10.9,8.92,6.64,10.84,6.56,5.22,6.48,5.24,6.33,7.88,9.34,5.67,6.03,5.72,6.54,5.08,11.04,6.0,6.02,5.16,6.51,4.7,200212
5.36,6.51,5.18,12.09,6.05,9.68,6.54,7.29,6.04,5.58,6.4,5.01,5.66,5.88,4.06,6.02,10.78,5.89,9.69,6.7,5.52,6.07,5.46,5.69,5.28,8.17,10.46,8.84,6.69,10.54,6.6,5.21,6.53,5.14,6.53,7.8,9.47,5.6,6.12,5.72,6.19,5.35,10.85,6.11,5.97,5.19,6.28,4.74,200211
5.72,7.72,5.14,12.68,6.33,9.77,6.6,7.3,6.12,5.45,7.03,5.31,5.76,6.28,4.26,6.13,10.49,5.82,10.04,6.9,5.46,6.15,5.39,5.77,5.34,8.52,11.2,8.8,6.92,11.49,6.85,5.43,6.76,5.64,6.19,7.98,9.28,5.76,6.27,5.8,6.29,5.5,10.91,6.03,5.92,5.05,6.11,4.81,200210
5.94,7.71,6.09,12.24,6.26,9.64,7.41,7.27,6.57,5.35,7.39,5.4,6.42,6.64,4.38,6.3,10.63,6.83,10.43,7.36,5.83,6.45,6.17,5.8,5.84,9.43,10.35,9.38,6.82,11.77,6.94,5.68,6.84,6.7,6.27,8.29,9.21,6.0,6.49,5.77,6.45,5.47,10.9,6.22,5.52,5.06,6.27,4.8,200209
6.05,7.84,6.08,13.27,6.15,9.64,7.5,7.29,6.72,5.72,7.63,5.5,6.63,6.78,4.82,6.4,10.02,7.12,10.18,7.19,6.32,6.51,7.07,5.92,6.13,8.15,10.24,9.76,7.03,12.16,6.97,5.75,7.12,6.17,6.1,8.32,9.43,6.09,6.64,5.86,6.73,5.61,10.82,6.54,5.69,5.09,6.34,4.73,200208
6.06,7.62,6.08,13.77,6.06,10.14,7.51,7.22,6.71,5.48,7.68,5.56,6.76,7.03,4.77,6.57,10.48,7.17,10.59,7.37,6.44,6.68,7.15,5.57,6.26,9.53,10.89,9.86,6.95,12.29,7.0,5.88,7.17,6.37,6.12,8.42,8.79,6.11,6.69,5.53,6.98,5.69,10.97,6.61,5.75,5.15,6.41,4.75,200207
5.85,7.95,5.86,12.75,6.27,9.68,7.56,6.78,6.47,6.05,7.46,5.43,6.4,6.44,4.7,6.52,10.4,7.21,10.07,7.23,6.41,6.56,7.27,5.48,6.0,8.73,10.47,9.71,6.99,11.52,6.68,5.91,7.05,6.21,6.15,8.29,9.45,5.93,6.52,5.84,6.91,5.47,10.85,6.39,5.84,5.15,6.48,4.64,200206
5.63,7.6,5.5,12.11,6.2,9.82,6.6,7.23,6.14,5.43,6.83,5.38,5.77,6.26,4.13,5.87,9.72,6.38,9.48,7.13,5.6,6.37,6.39,5.64,5.4,8.04,10.63,9.36,7.12,10.69,6.47,5.74,6.84,5.29,6.2,7.97,8.92,5.71,6.18,5.67,6.32,5.41,10.57,6.26,5.82,5.06,6.2,4.65,200205
5.53,6.65,5.43,10.99,5.77,9.77,6.75,7.5,6.05,5.36,6.61,5.36,5.73,6.04,3.92,5.34,10.16,5.72,10.01,6.78,5.54,6.16,5.55,5.4,5.17,7.66,10.84,9.22,6.27,10.45,6.55,5.43,6.65,4.99,6.45,7.95,9.44,5.65,6.09,5.66,6.53,5.35,10.81,6.1,5.97,5.07,6.19,4.61,200204
5.65,6.46,5.49,11.35,5.69,9.55,6.47,7.66,6.02,5.53,6.54,5.4,5.62,5.96,3.94,5.3,10.95,5.55,9.78,6.98,5.44,5.94,5.51,5.6,5.36,8.06,10.44,9.08,6.26,10.53,6.7,5.22,6.65,4.65,6.47,7.93,8.39,5.72,6.0,5.69,6.64,5.09,10.83,6.06,6.0,5.16,6.11,4.57,200203
5.53,6.49,5.41,11.17,5.68,9.56,6.52,7.67,6.04,5.68,6.45,5.33,5.68,5.87,4.05,5.39,10.08,5.61,9.8,6.88,5.66,5.89,5.46,5.86,5.11,8.03,10.1,9.14,6.06,10.33,6.64,5.14,6.53,4.94,6.4,8.0,9.26,5.74,6.1,5.68,7.06,5.19,10.68,6.13,5.98,5.13,6.22,4.67,200202
5.48,6.39,5.48,11.32,5.7,9.64,6.56,7.6,5.94,5.6,6.25,5.29,5.63,5.89,4.03,5.4,9.78,5.53,10.51,7.23,5.51,5.83,5.42,5.87,4.92,7.92,10.59,9.12,6.72,10.67,6.68,4.99,6.41,4.7,6.52,7.84,9.5,5.78,5.9,5.68,6.73,5.4,11.15,6.1,5.94,5.05,6.17,4.5,200201
5.53,6.49,5.67,11.07,5.71,9.66,6.62,7.55,5.94,5.73,6.4,5.39,5.65,5.82,3.94,5.21,11.0,5.86,10.97,6.91,5.68,5.88,5.42,6.39,5.04,7.99,10.75,9.13,7.01,10.87,6.5,4.98,6.4,4.93,6.6,7.96,10.52,5.56,6.01,5.71,6.93,4.95,10.99,6.07,5.71,5.13,6.15,4.48,200112
5.39,6.37,5.54,11.16,5.73,9.6,6.72,7.64,5.94,5.31,6.88,5.36,5.52,5.6,3.9,5.45,9.83,5.88,11.06,6.85,5.52,5.82,5.36,6.22,5.04,7.23,10.37,9.12,6.86,10.61,6.47,5.21,6.44,4.43,6.47,7.87,10.62,5.55,6.13,5.58,6.92,5.12,10.89,6.11,5.84,5.1,6.01,4.55,200111
5.49,7.71,5.67,12.74,6.32,9.75,7.05,7.73,6.27,5.13,6.92,5.47,5.84,6.15,3.97,6.55,10.63,6.16,12.05,6.82,5.44,5.86,5.58,6.13,5.27,8.14,11.0,9.11,7.4,11.83,6.45,5.56,6.62,5.67,5.74,7.95,10.65,6.08,6.26,5.52,7.38,5.32,11.03,6.1,5.6,5.07,5.96,4.6,200110
5.56,7.77,6.44,13.13,6.66,9.7,7.72,7.93,6.51,4.86,7.43,5.29,6.39,6.47,4.37,6.48,11.37,7.32,13.03,6.88,5.81,6.68,6.13,6.22,5.88,8.62,10.04,9.75,7.36,12.02,7.09,5.92,6.75,5.58,5.22,8.19,11.41,5.6,6.54,5.61,7.65,5.11,10.76,6.22,5.51,5.01,6.11,4.63,200109
5.78,7.87,6.58,13.12,6.14,9.89,7.73,7.9,7.1,5.17,7.78,5.38,6.85,6.8,4.71,6.45,11.16,7.71,10.23,7.29,6.88,6.82,7.08,6.37,6.02,8.59,10.6,9.89,7.35,12.69,6.82,6.02,6.97,7.1,5.25,8.45,11.49,6.06,6.82,5.65,8.0,5.47,10.89,6.57,5.47,5.14,6.28,4.58,200108
5.81,7.78,6.47,13.47,5.99,9.78,7.64,7.84,7.0,5.05,7.72,5.45,6.83,6.82,4.75,6.91,11.17,7.58,13.35,7.22,6.84,6.72,7.28,6.35,6.1,8.57,11.08,9.95,7.22,13.26,6.82,5.99,6.97,7.1,5.21,8.39,12.01,5.97,6.84,5.69,7.98,5.48,11.03,6.41,5.35,5.15,6.28,4.62,200107
5.56,8.01,6.53,11.34,6.48,9.56,7.21,7.26,6.82,4.92,7.39,5.45,6.61,6.46,4.66,7.73,9.9,7.47,12.11,7.09,6.43,6.61,7.07,6.77,5.92,8.37,10.66,9.82,7.32,11.46,6.54,5.89,6.9,6.99,5.28,8.5,12.02,5.77,6.79,5.61,7.9,5.43,10.79,6.47,5.11,5.12,6.25,4.37,200106
5.6,7.86,6.16,9.82,6.2,9.57,6.74,7.87,6.23,5.12,6.88,5.27,6.33,6.22,4.22,7.29,9.21,6.71,11.45,6.81,5.96,6.44,6.22,7.34,5.21,7.75,10.39,9.22,7.35,10.97,6.36,5.58,6.9,6.39,5.15,8.0,11.72,5.45,6.49,5.55,7.34,5.42,10.56,6.17,5.22,5.04,5.98,4.4,200105
5.72,6.87,6.04,9.88,5.91,9.61,6.31,7.87,6.19,4.38,6.61,5.14,6.02,6.02,4.01,7.75,9.41,6.19,11.52,6.73,5.7,6.15,5.43,7.15,4.97,7.61,11.75,9.18,7.06,10.7,6.38,5.34,6.47,5.97,5.27,7.87,12.69,5.59,6.23,5.51,7.04,5.39,10.42,6.05,5.4,5.0,6.02,4.26,200104
5.87,6.57,5.73,9.89,5.66,9.38,6.31,7.51,6.1,4.39,6.47,5.23,5.82,6.12,4.03,8.47,10.78,5.92,11.15,6.98,5.69,5.93,5.47,6.64,5.08,7.46,11.53,8.97,6.91,11.01,6.44,5.22,6.29,6.27,5.15,7.75,11.71,5.65,6.11,5.48,7.02,4.92,10.84,6.06,5.37,5.15,5.93,4.34,200103
5.31,6.48,5.6,9.63,5.79,9.06,5.38,7.48,6.2,4.5,6.17,5.08,5.8,5.93,4.25,7.92,11.05,6.07,10.93,6.91,5.83,5.84,5.35,7.16,4.95,6.42,11.31,8.77,6.99,11.17,6.56,5.28,6.36,5.83,5.02,7.46,11.34,5.76,6.1,5.51,6.91,5.26,11.12,6.03,5.11,4.99,5.98,4.36,200102
5.54,6.35,5.69,8.71,5.55,9.76,6.11,7.43,5.9,4.43,5.87,5.05,5.72,5.8,4.13,7.37,11.15,5.93,10.9,7.02,5.54,5.93,5.26,5.35,4.77,6.44,11.77,9.05,6.91,11.53,6.38,5.03,6.28,5.98,5.03,7.68,11.27,6.02,5.85,5.59,6.9,4.67,10.95,5.86,4.79,4.98,5.9,4.31,200101
